drug,time,age,year,estimate,flag
Alcohol,10+ Drinks,Age 19-30,2005,10.9,.
Alcohol,10+ Drinks,Age 19-30,2006,10.8,.
Alcohol,10+ Drinks,Age 19-30,2007,12.6,.
Alcohol,10+ Drinks,Age 19-30,2008,12.6,.
Alcohol,10+ Drinks,Age 19-30,2009,13,.
Alcohol,10+ Drinks,Age 19-30,2010,12.9,.
Alcohol,10+ Drinks,Age 19-30,2011,11.1,.
Alcohol,10+ Drinks,Age 19-30,2012,12.1,.
Alcohol,10+ Drinks,Age 19-30,2013,11.1,.
Alcohol,10+ Drinks,Age 19-30,2014,11,.
Alcohol,10+ Drinks,Age 19-30,2015,10.7,.
Alcohol,10+ Drinks,Age 19-30,2016,9,.
Alcohol,10+ Drinks,Age 19-30,2017,11.5,.
Alcohol,10+ Drinks,Age 19-30,2018,9.3,.
Alcohol,10+ Drinks,Age 19-30,2019,10.6,.
Alcohol,10+ Drinks,Age 19-30,2020,8.6,.
Alcohol,10+ Drinks,Age 19-30,2021,10.9,.
Alcohol,10+ Drinks,Age 19-30,2022,9.5,.
Alcohol,10+ Drinks,Age 19-30,2023,8.5,.
Adderall,12 Month,Age 19-30,2009,5.2,.
Adderall,12 Month,Age 19-30,2010,5.9,.
Adderall,12 Month,Age 19-30,2011,5.8,.
Adderall,12 Month,Age 19-30,2012,6.5,.
Adderall,12 Month,Age 19-30,2013,6.3,.
Adderall,12 Month,Age 19-30,2014,7.2,.
Adderall,12 Month,Age 19-30,2015,6.9,.
Adderall,12 Month,Age 19-30,2016,6.8,.
Adderall,12 Month,Age 19-30,2017,8.2,.
Adderall,12 Month,Age 19-30,2018,8.3,.
Adderall,12 Month,Age 19-30,2019,5.9,.
Adderall,12 Month,Age 19-30,2020,7,.
Adderall,12 Month,Age 19-30,2021,6.9,.
Adderall,12 Month,Age 19-30,2022,7.8,.
Adderall,12 Month,Age 19-30,2023,3.7,.
Alcohol,30 Day,Age 19-30,1988,74,.
Alcohol,30 Day,Age 19-30,1989,72.9,.
Alcohol,30 Day,Age 19-30,1990,71.4,.
Alcohol,30 Day,Age 19-30,1991,70.9,.
Alcohol,30 Day,Age 19-30,1992,69.4,.
Alcohol,30 Day,Age 19-30,1993,68.2,.
Alcohol,30 Day,Age 19-30,1994,68,.
Alcohol,30 Day,Age 19-30,1995,67.8,.
Alcohol,30 Day,Age 19-30,1996,66.9,.
Alcohol,30 Day,Age 19-30,1997,66.9,.
Alcohol,30 Day,Age 19-30,1998,66.5,.
Alcohol,30 Day,Age 19-30,1999,67.2,.
Alcohol,30 Day,Age 19-30,2000,65.9,.
Alcohol,30 Day,Age 19-30,2001,66.7,.
Alcohol,30 Day,Age 19-30,2002,67.8,.
Alcohol,30 Day,Age 19-30,2003,66.3,.
Alcohol,30 Day,Age 19-30,2004,67.3,.
Alcohol,30 Day,Age 19-30,2005,67.3,.
Alcohol,30 Day,Age 19-30,2006,68.2,.
Alcohol,30 Day,Age 19-30,2007,68.7,.
Alcohol,30 Day,Age 19-30,2008,69.1,.
Alcohol,30 Day,Age 19-30,2009,69.7,.
Alcohol,30 Day,Age 19-30,2010,67.4,.
Alcohol,30 Day,Age 19-30,2011,68.5,.
Alcohol,30 Day,Age 19-30,2012,68.4,.
Alcohol,30 Day,Age 19-30,2013,67.9,.
Alcohol,30 Day,Age 19-30,2014,68.1,.
Alcohol,30 Day,Age 19-30,2015,67.7,.
Alcohol,30 Day,Age 19-30,2016,68.1,.
Alcohol,30 Day,Age 19-30,2017,66.6,.
Alcohol,30 Day,Age 19-30,2018,65.7,.
Alcohol,30 Day,Age 19-30,2019,66.4,.
Alcohol,30 Day,Age 19-30,2020,64.8,.
Alcohol,30 Day,Age 19-30,2021,67,.
Alcohol,30 Day,Age 19-30,2022,67.5,.
Alcohol,30 Day,Age 19-30,2023,64.9,.
Alcohol,30 Day,Age 35-50,2008,65.9,.
Alcohol,30 Day,Age 35-50,2009,66.7,.
Alcohol,30 Day,Age 35-50,2010,68.2,.
Alcohol,30 Day,Age 35-50,2011,67.4,.
Alcohol,30 Day,Age 35-50,2012,68.1,.
Alcohol,30 Day,Age 35-50,2013,67.7,.
Alcohol,30 Day,Age 35-50,2014,68.9,.
Alcohol,30 Day,Age 35-50,2015,67.9,.
Alcohol,30 Day,Age 35-50,2016,68.3,.
Alcohol,30 Day,Age 35-50,2017,70.5,.
Alcohol,30 Day,Age 35-50,2018,68.8,.
Alcohol,30 Day,Age 35-50,2019,71,.
Alcohol,30 Day,Age 35-50,2020,69.1,.
Alcohol,30 Day,Age 35-50,2021,70.5,.
Alcohol,30 Day,Age 35-50,2022,71.3,.
Alcohol,30 Day,Age 35-50,2023,69.1,.
Alcohol,30 Day,Age 55-65,2023,61.8,.
Alcohol,5+ Drinks,Age 19-30,1988,33.8,.
Alcohol,5+ Drinks,Age 19-30,1989,34,.
Alcohol,5+ Drinks,Age 19-30,1990,33.1,.
Alcohol,5+ Drinks,Age 19-30,1991,33.5,.
Alcohol,5+ Drinks,Age 19-30,1992,33,.
Alcohol,5+ Drinks,Age 19-30,1993,33,.
Alcohol,5+ Drinks,Age 19-30,1994,33.2,.
Alcohol,5+ Drinks,Age 19-30,1995,31.3,.
Alcohol,5+ Drinks,Age 19-30,1996,32.8,.
Alcohol,5+ Drinks,Age 19-30,1997,33,.
Alcohol,5+ Drinks,Age 19-30,1998,33.4,.
Alcohol,5+ Drinks,Age 19-30,1999,34,.
Alcohol,5+ Drinks,Age 19-30,2000,33.5,.
Alcohol,5+ Drinks,Age 19-30,2001,34.5,.
Alcohol,5+ Drinks,Age 19-30,2002,34.6,.
Alcohol,5+ Drinks,Age 19-30,2003,33.8,.
Alcohol,5+ Drinks,Age 19-30,2004,35.1,.
Alcohol,5+ Drinks,Age 19-30,2005,35.7,.
Alcohol,5+ Drinks,Age 19-30,2006,36.4,.
Alcohol,5+ Drinks,Age 19-30,2007,36.6,.
Alcohol,5+ Drinks,Age 19-30,2008,37.3,.
Alcohol,5+ Drinks,Age 19-30,2009,36.9,.
Alcohol,5+ Drinks,Age 19-30,2010,35.4,.
Alcohol,5+ Drinks,Age 19-30,2011,35.9,.
Alcohol,5+ Drinks,Age 19-30,2012,35.2,.
Alcohol,5+ Drinks,Age 19-30,2013,35.1,.
Alcohol,5+ Drinks,Age 19-30,2014,33,.
Alcohol,5+ Drinks,Age 19-30,2015,31.4,.
Alcohol,5+ Drinks,Age 19-30,2016,31.7,.
Alcohol,5+ Drinks,Age 19-30,2017,30.6,.
Alcohol,5+ Drinks,Age 19-30,2018,30.1,.
Alcohol,5+ Drinks,Age 19-30,2019,30.4,.
Alcohol,5+ Drinks,Age 19-30,2020,28.1,.
Alcohol,5+ Drinks,Age 19-30,2021,32.2,.
Alcohol,5+ Drinks,Age 19-30,2022,30.5,.
Alcohol,5+ Drinks,Age 19-30,2023,27.2,.
Alcohol,5+ Drinks,Age 35-50,2008,23.4,.
Alcohol,5+ Drinks,Age 35-50,2009,22.4,.
Alcohol,5+ Drinks,Age 35-50,2010,22.5,.
Alcohol,5+ Drinks,Age 35-50,2011,22.8,.
Alcohol,5+ Drinks,Age 35-50,2012,22.8,.
Alcohol,5+ Drinks,Age 35-50,2013,23.6,.
Alcohol,5+ Drinks,Age 35-50,2014,24.5,.
Alcohol,5+ Drinks,Age 35-50,2015,23.9,.
Alcohol,5+ Drinks,Age 35-50,2016,24.3,.
Alcohol,5+ Drinks,Age 35-50,2017,25.2,.
Alcohol,5+ Drinks,Age 35-50,2018,24.8,.
Alcohol,5+ Drinks,Age 35-50,2019,25.7,.
Alcohol,5+ Drinks,Age 35-50,2020,25.4,.
Alcohol,5+ Drinks,Age 35-50,2021,25.7,.
Alcohol,5+ Drinks,Age 35-50,2022,29.2,.
Alcohol,5+ Drinks,Age 35-50,2023,27,.
Alcohol,5+ Drinks,Age 55-65,2023,19.7,.
Alcohol,12 Month,Age 19-30,1988,88.7,.
Alcohol,12 Month,Age 19-30,1989,88.1,.
Alcohol,12 Month,Age 19-30,1990,87.6,.
Alcohol,12 Month,Age 19-30,1991,87.1,.
Alcohol,12 Month,Age 19-30,1992,86.3,.
Alcohol,12 Month,Age 19-30,1993,85.3,.
Alcohol,12 Month,Age 19-30,1994,83.9,.
Alcohol,12 Month,Age 19-30,1995,84.5,.
Alcohol,12 Month,Age 19-30,1996,84.1,.
Alcohol,12 Month,Age 19-30,1997,84,.
Alcohol,12 Month,Age 19-30,1998,84.1,.
Alcohol,12 Month,Age 19-30,1999,83.6,.
Alcohol,12 Month,Age 19-30,2000,83.6,.
Alcohol,12 Month,Age 19-30,2001,84.1,.
Alcohol,12 Month,Age 19-30,2002,84.5,.
Alcohol,12 Month,Age 19-30,2003,83.1,.
Alcohol,12 Month,Age 19-30,2004,83.9,.
Alcohol,12 Month,Age 19-30,2005,83.6,.
Alcohol,12 Month,Age 19-30,2006,83.8,.
Alcohol,12 Month,Age 19-30,2007,83.6,.
Alcohol,12 Month,Age 19-30,2008,84.1,.
Alcohol,12 Month,Age 19-30,2009,83.8,.
Alcohol,12 Month,Age 19-30,2010,82.4,.
Alcohol,12 Month,Age 19-30,2011,83.8,.
Alcohol,12 Month,Age 19-30,2012,82,.
Alcohol,12 Month,Age 19-30,2013,82.5,.
Alcohol,12 Month,Age 19-30,2014,82.2,.
Alcohol,12 Month,Age 19-30,2015,82.2,.
Alcohol,12 Month,Age 19-30,2016,82.5,.
Alcohol,12 Month,Age 19-30,2017,81.5,.
Alcohol,12 Month,Age 19-30,2018,82.1,.
Alcohol,12 Month,Age 19-30,2019,80.9,.
Alcohol,12 Month,Age 19-30,2020,82.1,.
Alcohol,12 Month,Age 19-30,2021,82.9,.
Alcohol,12 Month,Age 19-30,2022,83.5,.
Alcohol,12 Month,Age 19-30,2023,83.7,.
Alcohol,12 Month,Age 35-50,2008,81.4,.
Alcohol,12 Month,Age 35-50,2009,83.1,.
Alcohol,12 Month,Age 35-50,2010,83.2,.
Alcohol,12 Month,Age 35-50,2011,83.7,.
Alcohol,12 Month,Age 35-50,2012,83.4,.
Alcohol,12 Month,Age 35-50,2013,82.5,.
Alcohol,12 Month,Age 35-50,2014,85,.
Alcohol,12 Month,Age 35-50,2015,83.1,.
Alcohol,12 Month,Age 35-50,2016,83.6,.
Alcohol,12 Month,Age 35-50,2017,84,.
Alcohol,12 Month,Age 35-50,2018,84,.
Alcohol,12 Month,Age 35-50,2019,84.2,.
Alcohol,12 Month,Age 35-50,2020,85.5,.
Alcohol,12 Month,Age 35-50,2021,83.5,.
Alcohol,12 Month,Age 35-50,2022,84.8,.
Alcohol,12 Month,Age 35-50,2023,83.9,.
Alcohol,12 Month,Age 55-65,2023,77.2,.
Alcohol,Daily,Age 19-30,1988,6.6,.
Alcohol,Daily,Age 19-30,1989,5.8,.
Alcohol,Daily,Age 19-30,1990,5.3,.
Alcohol,Daily,Age 19-30,1991,5.6,.
Alcohol,Daily,Age 19-30,1992,5.1,.
Alcohol,Daily,Age 19-30,1993,4.8,.
Alcohol,Daily,Age 19-30,1994,4.4,.
Alcohol,Daily,Age 19-30,1995,4,.
Alcohol,Daily,Age 19-30,1996,4.6,.
Alcohol,Daily,Age 19-30,1997,4.9,.
Alcohol,Daily,Age 19-30,1998,4.2,.
Alcohol,Daily,Age 19-30,1999,5.1,.
Alcohol,Daily,Age 19-30,2000,4.4,.
Alcohol,Daily,Age 19-30,2001,4.5,.
Alcohol,Daily,Age 19-30,2002,4.9,.
Alcohol,Daily,Age 19-30,2003,5.3,.
Alcohol,Daily,Age 19-30,2004,4.8,.
Alcohol,Daily,Age 19-30,2005,5.7,.
Alcohol,Daily,Age 19-30,2006,5.5,.
Alcohol,Daily,Age 19-30,2007,6,.
Alcohol,Daily,Age 19-30,2008,5.5,.
Alcohol,Daily,Age 19-30,2009,6.3,.
Alcohol,Daily,Age 19-30,2010,5.1,.
Alcohol,Daily,Age 19-30,2011,5.6,.
Alcohol,Daily,Age 19-30,2012,6,.
Alcohol,Daily,Age 19-30,2013,5.5,.
Alcohol,Daily,Age 19-30,2014,5.2,.
Alcohol,Daily,Age 19-30,2015,5.3,.
Alcohol,Daily,Age 19-30,2016,5.5,.
Alcohol,Daily,Age 19-30,2017,5.4,.
Alcohol,Daily,Age 19-30,2018,4.8,.
Alcohol,Daily,Age 19-30,2019,4.5,.
Alcohol,Daily,Age 19-30,2020,5.6,.
Alcohol,Daily,Age 19-30,2021,4.8,.
Alcohol,Daily,Age 19-30,2022,4.6,.
Alcohol,Daily,Age 19-30,2023,3.6,.
Alcohol,Daily,Age 35-50,2008,8.6,.
Alcohol,Daily,Age 35-50,2009,8.8,.
Alcohol,Daily,Age 35-50,2010,8.2,.
Alcohol,Daily,Age 35-50,2011,8.9,.
Alcohol,Daily,Age 35-50,2012,9.1,.
Alcohol,Daily,Age 35-50,2013,9,.
Alcohol,Daily,Age 35-50,2014,8.6,.
Alcohol,Daily,Age 35-50,2015,9.6,.
Alcohol,Daily,Age 35-50,2016,8.4,.
Alcohol,Daily,Age 35-50,2017,9.7,.
Alcohol,Daily,Age 35-50,2018,9.5,.
Alcohol,Daily,Age 35-50,2019,8.6,.
Alcohol,Daily,Age 35-50,2020,12,.
Alcohol,Daily,Age 35-50,2021,8.6,.
Alcohol,Daily,Age 35-50,2022,8.5,.
Alcohol,Daily,Age 35-50,2023,7.6,.
Alcohol,Daily,Age 55-65,2023,11.4,.
Amphetamines,12 Month,Age 19-30,1988,6.9,.
Amphetamines,12 Month,Age 19-30,1989,5.8,.
Amphetamines,12 Month,Age 19-30,1990,4.8,.
Amphetamines,12 Month,Age 19-30,1991,4.1,.
Amphetamines,12 Month,Age 19-30,1992,4.1,.
Amphetamines,12 Month,Age 19-30,1993,3.8,.
Amphetamines,12 Month,Age 19-30,1994,4.4,.
Amphetamines,12 Month,Age 19-30,1995,4.2,.
Amphetamines,12 Month,Age 19-30,1996,4.1,.
Amphetamines,12 Month,Age 19-30,1997,4.2,.
Amphetamines,12 Month,Age 19-30,1998,4.1,.
Amphetamines,12 Month,Age 19-30,1999,4.3,.
Amphetamines,12 Month,Age 19-30,2000,4.6,.
Amphetamines,12 Month,Age 19-30,2001,5,.
Amphetamines,12 Month,Age 19-30,2002,5.3,.
Amphetamines,12 Month,Age 19-30,2003,5.1,.
Amphetamines,12 Month,Age 19-30,2004,5.5,.
Amphetamines,12 Month,Age 19-30,2005,4.6,.
Amphetamines,12 Month,Age 19-30,2006,5.3,.
Amphetamines,12 Month,Age 19-30,2007,5.4,.
Amphetamines,12 Month,Age 19-30,2008,5,.
Amphetamines,12 Month,Age 19-30,2009,5.3,.
Amphetamines,12 Month,Age 19-30,2010,6.4,.
Amphetamines,12 Month,Age 19-30,2011,6.7,.
Amphetamines,12 Month,Age 19-30,2012,7.2,.
Amphetamines,12 Month,Age 19-30,2013,7.3,.
Amphetamines,12 Month,Age 19-30,2014,7.8,.
Amphetamines,12 Month,Age 19-30,2015,7.2,.
Amphetamines,12 Month,Age 19-30,2016,7,.
Amphetamines,12 Month,Age 19-30,2017,7.5,.
Amphetamines,12 Month,Age 19-30,2018,7.8,.
Amphetamines,12 Month,Age 19-30,2019,6.2,.
Amphetamines,12 Month,Age 19-30,2020,6.3,.
Amphetamines,12 Month,Age 19-30,2021,5.6,.
Amphetamines,12 Month,Age 19-30,2022,5.4,.
Amphetamines,12 Month,Age 19-30,2023,4.5,.
Amphetamines,12 Month,Age 35-50,2008,0.9,.
Amphetamines,12 Month,Age 35-50,2009,1.3,.
Amphetamines,12 Month,Age 35-50,2010,0.9,.
Amphetamines,12 Month,Age 35-50,2011,1.1,.
Amphetamines,12 Month,Age 35-50,2012,1.1,.
Amphetamines,12 Month,Age 35-50,2013,1.5,.
Amphetamines,12 Month,Age 35-50,2014,1.5,.
Amphetamines,12 Month,Age 35-50,2015,1.9,.
Amphetamines,12 Month,Age 35-50,2016,2.1,.
Amphetamines,12 Month,Age 35-50,2017,2,.
Amphetamines,12 Month,Age 35-50,2018,2.1,.
Amphetamines,12 Month,Age 35-50,2019,2.6,.
Amphetamines,12 Month,Age 35-50,2020,2.4,.
Amphetamines,12 Month,Age 35-50,2021,2.7,.
Amphetamines,12 Month,Age 35-50,2022,3.2,.
Amphetamines,12 Month,Age 35-50,2023,2.6,.
Amphetamines,12 Month,Age 55-65,2023,0.9,.
Any Nicotine Use,12 Month,Age 19-30,2023,40.6,.
Any Nicotine Use,12 Month,Age 35-50,2023,29.6,.
Any Nicotine Use,12 Month,Age 55-65,2023,22.1,.
Any Drug Other Than Cannabis,12 Month,Age 19-30,1988,20.8,.
Any Drug Other Than Cannabis,12 Month,Age 19-30,1989,18,.
Any Drug Other Than Cannabis,12 Month,Age 19-30,1990,15.7,.
Any Drug Other Than Cannabis,12 Month,Age 19-30,1991,13.9,.
Any Drug Other Than Cannabis,12 Month,Age 19-30,1992,13.6,.
Any Drug Other Than Cannabis,12 Month,Age 19-30,1993,12.1,.
Any Drug Other Than Cannabis,12 Month,Age 19-30,1994,12.7,.
Any Drug Other Than Cannabis,12 Month,Age 19-30,1995,12.7,.
Any Drug Other Than Cannabis,12 Month,Age 19-30,1996,12.5,.
Any Drug Other Than Cannabis,12 Month,Age 19-30,1997,12.5,.
Any Drug Other Than Cannabis,12 Month,Age 19-30,1998,12.2,.
Any Drug Other Than Cannabis,12 Month,Age 19-30,1999,12.4,.
Any Drug Other Than Cannabis,12 Month,Age 19-30,2000,13.3,.
Any Drug Other Than Cannabis,12 Month,Age 19-30,2001,13.7,.
Any Drug Other Than Cannabis,12 Month,Age 19-30,2002,15.3,.
Any Drug Other Than Cannabis,12 Month,Age 19-30,2003,16.5,.
Any Drug Other Than Cannabis,12 Month,Age 19-30,2004,17,.
Any Drug Other Than Cannabis,12 Month,Age 19-30,2005,17.6,.
Any Drug Other Than Cannabis,12 Month,Age 19-30,2006,17.4,.
Any Drug Other Than Cannabis,12 Month,Age 19-30,2007,17,.
Any Drug Other Than Cannabis,12 Month,Age 19-30,2008,18.3,.
Any Drug Other Than Cannabis,12 Month,Age 19-30,2009,16.9,.
Any Drug Other Than Cannabis,12 Month,Age 19-30,2010,17.7,.
Any Drug Other Than Cannabis,12 Month,Age 19-30,2011,17,.
Any Drug Other Than Cannabis,12 Month,Age 19-30,2012,16.3,.
Any Drug Other Than Cannabis,12 Month,Age 19-30,2013,17.5,.
Any Drug Other Than Cannabis,12 Month,Age 19-30,2014,21,.
Any Drug Other Than Cannabis,12 Month,Age 19-30,2015,18.7,.
Any Drug Other Than Cannabis,12 Month,Age 19-30,2016,19.2,.
Any Drug Other Than Cannabis,12 Month,Age 19-30,2017,19.5,.
Any Drug Other Than Cannabis,12 Month,Age 19-30,2018,19.2,.
Any Drug Other Than Cannabis,12 Month,Age 19-30,2019,18.1,.
Any Drug Other Than Cannabis,12 Month,Age 19-30,2020,18.1,.
Any Drug Other Than Cannabis,12 Month,Age 19-30,2021,17.9,.
Any Drug Other Than Cannabis,12 Month,Age 19-30,2022,17.4,.
Any Drug Other Than Cannabis,12 Month,Age 19-30,2023,16.6,.
Any Drug Other Than Cannabis,12 Month,Age 35-50,2008,11.7,.
Any Drug Other Than Cannabis,12 Month,Age 35-50,2009,11.2,.
Any Drug Other Than Cannabis,12 Month,Age 35-50,2010,11.2,.
Any Drug Other Than Cannabis,12 Month,Age 35-50,2011,11.1,.
Any Drug Other Than Cannabis,12 Month,Age 35-50,2012,11.3,.
Any Drug Other Than Cannabis,12 Month,Age 35-50,2013,10.6,.
Any Drug Other Than Cannabis,12 Month,Age 35-50,2014,10.7,.
Any Drug Other Than Cannabis,12 Month,Age 35-50,2015,12,.
Any Drug Other Than Cannabis,12 Month,Age 35-50,2016,11.2,.
Any Drug Other Than Cannabis,12 Month,Age 35-50,2017,11,.
Any Drug Other Than Cannabis,12 Month,Age 35-50,2018,12.1,.
Any Drug Other Than Cannabis,12 Month,Age 35-50,2019,10.6,.
Any Drug Other Than Cannabis,12 Month,Age 35-50,2020,10,.
Any Drug Other Than Cannabis,12 Month,Age 35-50,2021,11,.
Any Drug Other Than Cannabis,12 Month,Age 35-50,2022,11.9,.
Any Drug Other Than Cannabis,12 Month,Age 35-50,2023,11.3,.
Any Drug Other Than Cannabis,12 Month,Age 55-65,2023,7.4,
Any Drug Other Than Cannabis,30 Day,Age 19-30,1988,9.4,.
Any Drug Other Than Cannabis,30 Day,Age 19-30,1989,7.4,.
Any Drug Other Than Cannabis,30 Day,Age 19-30,1990,5.9,.
Any Drug Other Than Cannabis,30 Day,Age 19-30,1991,5.6,.
Any Drug Other Than Cannabis,30 Day,Age 19-30,1992,5.5,.
Any Drug Other Than Cannabis,30 Day,Age 19-30,1993,4.5,.
Any Drug Other Than Cannabis,30 Day,Age 19-30,1994,5.3,.
Any Drug Other Than Cannabis,30 Day,Age 19-30,1995,5.4,.
Any Drug Other Than Cannabis,30 Day,Age 19-30,1996,4.8,.
Any Drug Other Than Cannabis,30 Day,Age 19-30,1997,5.1,.
Any Drug Other Than Cannabis,30 Day,Age 19-30,1998,5.3,.
Any Drug Other Than Cannabis,30 Day,Age 19-30,1999,5.5,.
Any Drug Other Than Cannabis,30 Day,Age 19-30,2000,5.8,.
Any Drug Other Than Cannabis,30 Day,Age 19-30,2001,6.4,.
Any Drug Other Than Cannabis,30 Day,Age 19-30,2002,7,.
Any Drug Other Than Cannabis,30 Day,Age 19-30,2003,7.7,.
Any Drug Other Than Cannabis,30 Day,Age 19-30,2004,7.5,.
Any Drug Other Than Cannabis,30 Day,Age 19-30,2005,8,.
Any Drug Other Than Cannabis,30 Day,Age 19-30,2006,7.7,.
Any Drug Other Than Cannabis,30 Day,Age 19-30,2007,8.5,.
Any Drug Other Than Cannabis,30 Day,Age 19-30,2008,8.8,.
Any Drug Other Than Cannabis,30 Day,Age 19-30,2009,8.2,.
Any Drug Other Than Cannabis,30 Day,Age 19-30,2010,8.3,.
Any Drug Other Than Cannabis,30 Day,Age 19-30,2011,8.4,.
Any Drug Other Than Cannabis,30 Day,Age 19-30,2012,7.6,.
Any Drug Other Than Cannabis,30 Day,Age 19-30,2013,8.2,.
Any Drug Other Than Cannabis,30 Day,Age 19-30,2014,10.4,.
Any Drug Other Than Cannabis,30 Day,Age 19-30,2015,8.4,.
Any Drug Other Than Cannabis,30 Day,Age 19-30,2016,9.1,.
Any Drug Other Than Cannabis,30 Day,Age 19-30,2017,8.8,.
Any Drug Other Than Cannabis,30 Day,Age 19-30,2018,8.6,.
Any Drug Other Than Cannabis,30 Day,Age 19-30,2019,7.9,.
Any Drug Other Than Cannabis,30 Day,Age 19-30,2020,7.9,.
Any Drug Other Than Cannabis,30 Day,Age 19-30,2021,7.5,.
Any Drug Other Than Cannabis,30 Day,Age 19-30,2022,6.7,.
Any Drug Other Than Cannabis,30 Day,Age 19-30,2023,6.6,.
Any Drug Other Than Cannabis,30 Day,Age 35-50,2008,5.6,.
Any Drug Other Than Cannabis,30 Day,Age 35-50,2009,5.6,.
Any Drug Other Than Cannabis,30 Day,Age 35-50,2010,5.6,.
Any Drug Other Than Cannabis,30 Day,Age 35-50,2011,5.3,.
Any Drug Other Than Cannabis,30 Day,Age 35-50,2012,5.4,.
Any Drug Other Than Cannabis,30 Day,Age 35-50,2013,5.3,.
Any Drug Other Than Cannabis,30 Day,Age 35-50,2014,5.1,.
Any Drug Other Than Cannabis,30 Day,Age 35-50,2015,5.7,.
Any Drug Other Than Cannabis,30 Day,Age 35-50,2016,5.5,.
Any Drug Other Than Cannabis,30 Day,Age 35-50,2017,5,.
Any Drug Other Than Cannabis,30 Day,Age 35-50,2018,5.3,.
Any Drug Other Than Cannabis,30 Day,Age 35-50,2019,5.4,.
Any Drug Other Than Cannabis,30 Day,Age 35-50,2020,4.8,.
Any Drug Other Than Cannabis,30 Day,Age 35-50,2021,5.4,.
Any Drug Other Than Cannabis,30 Day,Age 35-50,2022,5.5,.
Any Drug Other Than Cannabis,30 Day,Age 35-50,2023,4.7,.
Any Drug Other Than Cannabis,30 Day,Age 55-65,2023,4.2,
Any Prescription Drug,12 Month,Age 19-30,1988,11.2,.
Any Prescription Drug,12 Month,Age 19-30,1989,10.1,.
Any Prescription Drug,12 Month,Age 19-30,1990,9.3,.
Any Prescription Drug,12 Month,Age 19-30,1991,8.6,.
Any Prescription Drug,12 Month,Age 19-30,1992,8.2,.
Any Prescription Drug,12 Month,Age 19-30,1993,7.7,.
Any Prescription Drug,12 Month,Age 19-30,1994,8.2,.
Any Prescription Drug,12 Month,Age 19-30,1995,8.7,.
Any Prescription Drug,12 Month,Age 19-30,1996,8.4,.
Any Prescription Drug,12 Month,Age 19-30,1997,8.5,.
Any Prescription Drug,12 Month,Age 19-30,1998,8.5,.
Any Prescription Drug,12 Month,Age 19-30,1999,8.6,.
Any Prescription Drug,12 Month,Age 19-30,2000,9.7,.
Any Prescription Drug,12 Month,Age 19-30,2001,10.9,.
Any Prescription Drug,12 Month,Age 19-30,2002,12.4,.
Any Prescription Drug,12 Month,Age 19-30,2003,13.5,.
Any Prescription Drug,12 Month,Age 19-30,2004,14.2,.
Any Prescription Drug,12 Month,Age 19-30,2005,14.3,.
Any Prescription Drug,12 Month,Age 19-30,2006,14.5,.
Any Prescription Drug,12 Month,Age 19-30,2007,14.5,.
Any Prescription Drug,12 Month,Age 19-30,2008,15.4,.
Any Prescription Drug,12 Month,Age 19-30,2009,14.8,.
Any Prescription Drug,12 Month,Age 19-30,2010,15.5,.
Any Prescription Drug,12 Month,Age 19-30,2011,15,.
Any Prescription Drug,12 Month,Age 19-30,2012,14.5,.
Any Prescription Drug,12 Month,Age 19-30,2013,15.6,.
Any Prescription Drug,12 Month,Age 19-30,2014,15,.
Any Prescription Drug,12 Month,Age 19-30,2015,13.3,.
Any Prescription Drug,12 Month,Age 19-30,2016,12.9,.
Any Prescription Drug,12 Month,Age 19-30,2017,13,.
Any Prescription Drug,12 Month,Age 19-30,2018,12.7,.
Any Prescription Drug,12 Month,Age 19-30,2019,10.4,.
Any Prescription Drug,12 Month,Age 19-30,2020,9.7,.
Any Prescription Drug,12 Month,Age 19-30,2021,8.8,.
Any Prescription Drug,12 Month,Age 19-30,2022,8,.
Any Prescription Drug,12 Month,Age 19-30,2023,7,.
Any Prescription Drug,12 Month,Age 35-50,2008,10,.
Any Prescription Drug,12 Month,Age 35-50,2009,9.6,.
Any Prescription Drug,12 Month,Age 35-50,2010,9.8,.
Any Prescription Drug,12 Month,Age 35-50,2011,9.7,.
Any Prescription Drug,12 Month,Age 35-50,2012,10,.
Any Prescription Drug,12 Month,Age 35-50,2013,9,.
Any Prescription Drug,12 Month,Age 35-50,2014,9.4,.
Any Prescription Drug,12 Month,Age 35-50,2015,10.2,.
Any Prescription Drug,12 Month,Age 35-50,2016,9.8,.
Any Prescription Drug,12 Month,Age 35-50,2017,9.4,.
Any Prescription Drug,12 Month,Age 35-50,2018,10.1,.
Any Prescription Drug,12 Month,Age 35-50,2019,8.8,.
Any Prescription Drug,12 Month,Age 35-50,2020,7.8,.
Any Prescription Drug,12 Month,Age 35-50,2021,8.6,.
Any Prescription Drug,12 Month,Age 35-50,2022,8.3,.
Any Prescription Drug,12 Month,Age 35-50,2023,7.7,.
Any Prescription Drug,12 Month,Age 55-65,2023,6.6,.
Cigarettes,30 Day,Age 19-30,1988,29.4,.
Cigarettes,30 Day,Age 19-30,1989,29.6,.
Cigarettes,30 Day,Age 19-30,1990,28.3,.
Cigarettes,30 Day,Age 19-30,1991,28.5,.
Cigarettes,30 Day,Age 19-30,1992,28,.
Cigarettes,30 Day,Age 19-30,1993,28.2,.
Cigarettes,30 Day,Age 19-30,1994,28.3,.
Cigarettes,30 Day,Age 19-30,1995,28.6,.
Cigarettes,30 Day,Age 19-30,1996,29.2,.
Cigarettes,30 Day,Age 19-30,1997,28.8,.
Cigarettes,30 Day,Age 19-30,1998,30.2,.
Cigarettes,30 Day,Age 19-30,1999,28.9,.
Cigarettes,30 Day,Age 19-30,2000,29.1,.
Cigarettes,30 Day,Age 19-30,2001,28.5,.
Cigarettes,30 Day,Age 19-30,2002,29,.
Cigarettes,30 Day,Age 19-30,2003,27.3,.
Cigarettes,30 Day,Age 19-30,2004,28.8,.
Cigarettes,30 Day,Age 19-30,2005,27.5,.
Cigarettes,30 Day,Age 19-30,2006,27.7,.
Cigarettes,30 Day,Age 19-30,2007,25.7,.
Cigarettes,30 Day,Age 19-30,2008,25.5,.
Cigarettes,30 Day,Age 19-30,2009,24.3,.
Cigarettes,30 Day,Age 19-30,2010,23.6,.
Cigarettes,30 Day,Age 19-30,2011,22.4,.
Cigarettes,30 Day,Age 19-30,2012,20.4,.
Cigarettes,30 Day,Age 19-30,2013,20.6,.
Cigarettes,30 Day,Age 19-30,2014,18.2,.
Cigarettes,30 Day,Age 19-30,2015,17.5,.
Cigarettes,30 Day,Age 19-30,2016,15.2,.
Cigarettes,30 Day,Age 19-30,2017,15.2,.
Cigarettes,30 Day,Age 19-30,2018,13.8,.
Cigarettes,30 Day,Age 19-30,2019,13.1,.
Cigarettes,30 Day,Age 19-30,2020,10.3,.
Cigarettes,30 Day,Age 19-30,2021,11.1,.
Cigarettes,30 Day,Age 19-30,2022,8.5,.
Cigarettes,30 Day,Age 19-30,2023,8.8,.
Cigarettes,30 Day,Age 35-50,2008,20.2,.
Cigarettes,30 Day,Age 35-50,2009,17.7,.
Cigarettes,30 Day,Age 35-50,2010,19.4,.
Cigarettes,30 Day,Age 35-50,2011,17.6,.
Cigarettes,30 Day,Age 35-50,2012,16,.
Cigarettes,30 Day,Age 35-50,2013,16.9,.
Cigarettes,30 Day,Age 35-50,2014,16.4,.
Cigarettes,30 Day,Age 35-50,2015,15.3,.
Cigarettes,30 Day,Age 35-50,2016,14.9,.
Cigarettes,30 Day,Age 35-50,2017,13.5,.
Cigarettes,30 Day,Age 35-50,2018,12.9,.
Cigarettes,30 Day,Age 35-50,2019,12.3,.
Cigarettes,30 Day,Age 35-50,2020,12.1,.
Cigarettes,30 Day,Age 35-50,2021,11,.
Cigarettes,30 Day,Age 35-50,2022,12.2,.
Cigarettes,30 Day,Age 35-50,2023,10.2,.
Cigarettes,30 Day,Age 55-65,2023,9.5,.
Cigarettes,Daily,Age 19-30,1988,23.8,.
Cigarettes,Daily,Age 19-30,1989,23.9,.
Cigarettes,Daily,Age 19-30,1990,22.6,.
Cigarettes,Daily,Age 19-30,1991,22.6,.
Cigarettes,Daily,Age 19-30,1992,21.5,.
Cigarettes,Daily,Age 19-30,1993,21.5,.
Cigarettes,Daily,Age 19-30,1994,21.5,.
Cigarettes,Daily,Age 19-30,1995,21.4,.
Cigarettes,Daily,Age 19-30,1996,21.7,.
Cigarettes,Daily,Age 19-30,1997,20.7,.
Cigarettes,Daily,Age 19-30,1998,21.8,.
Cigarettes,Daily,Age 19-30,1999,20.8,.
Cigarettes,Daily,Age 19-30,2000,21.3,.
Cigarettes,Daily,Age 19-30,2001,20.2,.
Cigarettes,Daily,Age 19-30,2002,21,.
Cigarettes,Daily,Age 19-30,2003,19.8,.
Cigarettes,Daily,Age 19-30,2004,20.7,.
Cigarettes,Daily,Age 19-30,2005,19.6,.
Cigarettes,Daily,Age 19-30,2006,19.5,.
Cigarettes,Daily,Age 19-30,2007,17.7,.
Cigarettes,Daily,Age 19-30,2008,17.5,.
Cigarettes,Daily,Age 19-30,2009,16.4,.
Cigarettes,Daily,Age 19-30,2010,16.1,.
Cigarettes,Daily,Age 19-30,2011,15,.
Cigarettes,Daily,Age 19-30,2012,13.9,.
Cigarettes,Daily,Age 19-30,2013,12.8,.
Cigarettes,Daily,Age 19-30,2014,11.8,.
Cigarettes,Daily,Age 19-30,2015,10.9,.
Cigarettes,Daily,Age 19-30,2016,9.7,.
Cigarettes,Daily,Age 19-30,2017,8.7,.
Cigarettes,Daily,Age 19-30,2018,8.2,.
Cigarettes,Daily,Age 19-30,2019,7.3,.
Cigarettes,Daily,Age 19-30,2020,6,.
Cigarettes,Daily,Age 19-30,2021,5.7,.
Cigarettes,Daily,Age 19-30,2022,4.2,.
Cigarettes,Daily,Age 19-30,2023,3.6,.
Cigarettes,Daily,Age 35-50,2008,16.9,.
Cigarettes,Daily,Age 35-50,2009,14.9,.
Cigarettes,Daily,Age 35-50,2010,16.5,.
Cigarettes,Daily,Age 35-50,2011,14.7,.
Cigarettes,Daily,Age 35-50,2012,13.4,.
Cigarettes,Daily,Age 35-50,2013,13.3,.
Cigarettes,Daily,Age 35-50,2014,13,.
Cigarettes,Daily,Age 35-50,2015,12.2,.
Cigarettes,Daily,Age 35-50,2016,11.4,.
Cigarettes,Daily,Age 35-50,2017,11,.
Cigarettes,Daily,Age 35-50,2018,9.9,.
Cigarettes,Daily,Age 35-50,2019,9.5,.
Cigarettes,Daily,Age 35-50,2020,9.8,.
Cigarettes,Daily,Age 35-50,2021,8,.
Cigarettes,Daily,Age 35-50,2022,9,.
Cigarettes,Daily,Age 35-50,2023,7.8,.
Cigarettes,Daily,Age 55-65,2023,7.8,.
Cigarettes,Half Pack or More per Day,Age 19-30,1988,19,.
Cigarettes,Half Pack or More per Day,Age 19-30,1989,18.9,.
Cigarettes,Half Pack or More per Day,Age 19-30,1990,18.1,.
Cigarettes,Half Pack or More per Day,Age 19-30,1991,17,.
Cigarettes,Half Pack or More per Day,Age 19-30,1992,16.6,.
Cigarettes,Half Pack or More per Day,Age 19-30,1993,16.5,.
Cigarettes,Half Pack or More per Day,Age 19-30,1994,16.1,.
Cigarettes,Half Pack or More per Day,Age 19-30,1995,16.2,.
Cigarettes,Half Pack or More per Day,Age 19-30,1996,15.7,.
Cigarettes,Half Pack or More per Day,Age 19-30,1997,14.9,.
Cigarettes,Half Pack or More per Day,Age 19-30,1998,15.5,.
Cigarettes,Half Pack or More per Day,Age 19-30,1999,14.7,.
Cigarettes,Half Pack or More per Day,Age 19-30,2000,15,.
Cigarettes,Half Pack or More per Day,Age 19-30,2001,14.2,.
Cigarettes,Half Pack or More per Day,Age 19-30,2002,14.3,.
Cigarettes,Half Pack or More per Day,Age 19-30,2003,13.8,.
Cigarettes,Half Pack or More per Day,Age 19-30,2004,13.9,.
Cigarettes,Half Pack or More per Day,Age 19-30,2005,12.7,.
Cigarettes,Half Pack or More per Day,Age 19-30,2006,12.6,.
Cigarettes,Half Pack or More per Day,Age 19-30,2007,11.6,.
Cigarettes,Half Pack or More per Day,Age 19-30,2008,11,.
Cigarettes,Half Pack or More per Day,Age 19-30,2009,9.9,.
Cigarettes,Half Pack or More per Day,Age 19-30,2010,10,.
Cigarettes,Half Pack or More per Day,Age 19-30,2011,8.3,.
Cigarettes,Half Pack or More per Day,Age 19-30,2012,7.9,.
Cigarettes,Half Pack or More per Day,Age 19-30,2013,7.4,.
Cigarettes,Half Pack or More per Day,Age 19-30,2014,7,.
Cigarettes,Half Pack or More per Day,Age 19-30,2015,6.3,.
Cigarettes,Half Pack or More per Day,Age 19-30,2016,6,.
Cigarettes,Half Pack or More per Day,Age 19-30,2017,4.8,.
Cigarettes,Half Pack or More per Day,Age 19-30,2018,4.6,.
Cigarettes,Half Pack or More per Day,Age 19-30,2019,4.1,.
Cigarettes,Half Pack or More per Day,Age 19-30,2020,3.3,.
Cigarettes,Half Pack or More per Day,Age 19-30,2021,3.5,.
Cigarettes,Half Pack or More per Day,Age 19-30,2022,2.1,.
Cigarettes,Half Pack or More per Day,Age 19-30,2023,2,.
Cigarettes,Half Pack or More per Day,Age 35-50,2008,13.5,.
Cigarettes,Half Pack or More per Day,Age 35-50,2009,11.8,.
Cigarettes,Half Pack or More per Day,Age 35-50,2010,12.8,.
Cigarettes,Half Pack or More per Day,Age 35-50,2011,10.9,.
Cigarettes,Half Pack or More per Day,Age 35-50,2012,10.5,.
Cigarettes,Half Pack or More per Day,Age 35-50,2013,10.1,.
Cigarettes,Half Pack or More per Day,Age 35-50,2014,9.3,.
Cigarettes,Half Pack or More per Day,Age 35-50,2015,9,.
Cigarettes,Half Pack or More per Day,Age 35-50,2016,8.5,.
Cigarettes,Half Pack or More per Day,Age 35-50,2017,7.4,.
Cigarettes,Half Pack or More per Day,Age 35-50,2018,6.9,.
Cigarettes,Half Pack or More per Day,Age 35-50,2019,6.4,.
Cigarettes,Half Pack or More per Day,Age 35-50,2020,7.4,.
Cigarettes,Half Pack or More per Day,Age 35-50,2021,5.4,.
Cigarettes,Half Pack or More per Day,Age 35-50,2022,6.2,.
Cigarettes,Half Pack or More per Day,Age 35-50,2023,5.9,.
Cigarettes,Half Pack or More per Day,Age 55-65,2023,6.2,.
Cigarettes,12 Month,Age 19-30,1988,37.5,.
Cigarettes,12 Month,Age 19-30,1989,38,.
Cigarettes,12 Month,Age 19-30,1990,36.5,.
Cigarettes,12 Month,Age 19-30,1991,37.1,.
Cigarettes,12 Month,Age 19-30,1992,36.3,.
Cigarettes,12 Month,Age 19-30,1993,36.7,.
Cigarettes,12 Month,Age 19-30,1994,37.2,.
Cigarettes,12 Month,Age 19-30,1995,37.3,.
Cigarettes,12 Month,Age 19-30,1996,38,.
Cigarettes,12 Month,Age 19-30,1997,39.3,.
Cigarettes,12 Month,Age 19-30,1998,39.7,.
Cigarettes,12 Month,Age 19-30,1999,38.6,.
Cigarettes,12 Month,Age 19-30,2000,39.2,.
Cigarettes,12 Month,Age 19-30,2001,38.5,.
Cigarettes,12 Month,Age 19-30,2002,38.1,.
Cigarettes,12 Month,Age 19-30,2003,36.7,.
Cigarettes,12 Month,Age 19-30,2004,37.9,.
Cigarettes,12 Month,Age 19-30,2005,37.4,.
Cigarettes,12 Month,Age 19-30,2006,36.7,.
Cigarettes,12 Month,Age 19-30,2007,35.3,.
Cigarettes,12 Month,Age 19-30,2008,34.8,.
Cigarettes,12 Month,Age 19-30,2009,34.3,.
Cigarettes,12 Month,Age 19-30,2010,33.3,.
Cigarettes,12 Month,Age 19-30,2011,32.1,.
Cigarettes,12 Month,Age 19-30,2012,30,.
Cigarettes,12 Month,Age 19-30,2013,29.9,.
Cigarettes,12 Month,Age 19-30,2014,27.4,.
Cigarettes,12 Month,Age 19-30,2015,26.2,.
Cigarettes,12 Month,Age 19-30,2016,24.3,.
Cigarettes,12 Month,Age 19-30,2017,23.4,.
Cigarettes,12 Month,Age 19-30,2018,23.6,.
Cigarettes,12 Month,Age 19-30,2019,23.1,.
Cigarettes,12 Month,Age 19-30,2020,21.7,.
Cigarettes,12 Month,Age 19-30,2021,20.3,.
Cigarettes,12 Month,Age 19-30,2022,17.8,.
Cigarettes,12 Month,Age 19-30,2023,18.8,.
Cigarettes,12 Month,Age 35-50,2008,24.7,.
Cigarettes,12 Month,Age 35-50,2009,22.1,.
Cigarettes,12 Month,Age 35-50,2010,23.2,.
Cigarettes,12 Month,Age 35-50,2011,21.5,.
Cigarettes,12 Month,Age 35-50,2012,20.1,.
Cigarettes,12 Month,Age 35-50,2013,21.3,.
Cigarettes,12 Month,Age 35-50,2014,20.9,.
Cigarettes,12 Month,Age 35-50,2015,20.4,.
Cigarettes,12 Month,Age 35-50,2016,19.2,.
Cigarettes,12 Month,Age 35-50,2017,17.6,.
Cigarettes,12 Month,Age 35-50,2018,18,.
Cigarettes,12 Month,Age 35-50,2019,16.6,.
Cigarettes,12 Month,Age 35-50,2020,17.4,.
Cigarettes,12 Month,Age 35-50,2021,15.3,.
Cigarettes,12 Month,Age 35-50,2022,16.6,.
Cigarettes,12 Month,Age 35-50,2023,16.2,.
Cigarettes,12 Month,Age 55-65,2023,14,.
Cocaine,12 Month,Age 19-30,1988,14.3,.
Cocaine,12 Month,Age 19-30,1989,11.5,.
Cocaine,12 Month,Age 19-30,1990,8.9,.
Cocaine,12 Month,Age 19-30,1991,6.8,.
Cocaine,12 Month,Age 19-30,1992,6.3,.
Cocaine,12 Month,Age 19-30,1993,5,.
Cocaine,12 Month,Age 19-30,1994,5,.
Cocaine,12 Month,Age 19-30,1995,4.6,.
Cocaine,12 Month,Age 19-30,1996,4.6,.
Cocaine,12 Month,Age 19-30,1997,4.7,.
Cocaine,12 Month,Age 19-30,1998,4.9,.
Cocaine,12 Month,Age 19-30,1999,5.2,.
Cocaine,12 Month,Age 19-30,2000,5,.
Cocaine,12 Month,Age 19-30,2001,5.4,.
Cocaine,12 Month,Age 19-30,2002,5.8,.
Cocaine,12 Month,Age 19-30,2003,6.3,.
Cocaine,12 Month,Age 19-30,2004,6.5,.
Cocaine,12 Month,Age 19-30,2005,6.4,.
Cocaine,12 Month,Age 19-30,2006,6.5,.
Cocaine,12 Month,Age 19-30,2007,6.3,.
Cocaine,12 Month,Age 19-30,2008,6.3,.
Cocaine,12 Month,Age 19-30,2009,5.6,.
Cocaine,12 Month,Age 19-30,2010,5.2,.
Cocaine,12 Month,Age 19-30,2011,5,.
Cocaine,12 Month,Age 19-30,2012,4.4,.
Cocaine,12 Month,Age 19-30,2013,4,.
Cocaine,12 Month,Age 19-30,2014,6,.
Cocaine,12 Month,Age 19-30,2015,5.5,.
Cocaine,12 Month,Age 19-30,2016,6.5,.
Cocaine,12 Month,Age 19-30,2017,6.5,.
Cocaine,12 Month,Age 19-30,2018,7,.
Cocaine,12 Month,Age 19-30,2019,6.3,.
Cocaine,12 Month,Age 19-30,2020,6.7,.
Cocaine,12 Month,Age 19-30,2021,5.8,.
Cocaine,12 Month,Age 19-30,2022,5.5,.
Cocaine,12 Month,Age 19-30,2023,5.3,.
Cocaine,12 Month,Age 35-50,2008,2.8,.
Cocaine,12 Month,Age 35-50,2009,2.9,.
Cocaine,12 Month,Age 35-50,2010,2.4,.
Cocaine,12 Month,Age 35-50,2011,2.1,.
Cocaine,12 Month,Age 35-50,2012,1.8,.
Cocaine,12 Month,Age 35-50,2013,2.5,.
Cocaine,12 Month,Age 35-50,2014,2,.
Cocaine,12 Month,Age 35-50,2015,2.6,.
Cocaine,12 Month,Age 35-50,2016,2.3,.
Cocaine,12 Month,Age 35-50,2017,2.5,.
Cocaine,12 Month,Age 35-50,2018,2.7,.
Cocaine,12 Month,Age 35-50,2019,2.7,.
Cocaine,12 Month,Age 35-50,2020,2.7,.
Cocaine,12 Month,Age 35-50,2021,2.7,.
Cocaine,12 Month,Age 35-50,2022,2.9,.
Cocaine,12 Month,Age 35-50,2023,2.9,.
Cocaine,12 Month,Age 55-65,2023,1.1,.
Delta-8,12 Month,Age 19-30,2023,12.4,.
Hallucinogens,12 Month,Age 19-30,1988,3.6,.
Hallucinogens,12 Month,Age 19-30,1989,3.3,.
Hallucinogens,12 Month,Age 19-30,1990,3.6,.
Hallucinogens,12 Month,Age 19-30,1991,4.1,.
Hallucinogens,12 Month,Age 19-30,1992,4.4,.
Hallucinogens,12 Month,Age 19-30,1993,3.8,.
Hallucinogens,12 Month,Age 19-30,1994,4.2,.
Hallucinogens,12 Month,Age 19-30,1995,4.7,.
Hallucinogens,12 Month,Age 19-30,1996,4.9,.
Hallucinogens,12 Month,Age 19-30,1997,4.9,.
Hallucinogens,12 Month,Age 19-30,1998,4.4,.
Hallucinogens,12 Month,Age 19-30,1999,4.7,.
Hallucinogens,12 Month,Age 19-30,2000,4.8,.
Hallucinogens,12 Month,Age 19-30,2001,4.5,.
Hallucinogens,12 Month,Age 19-30,2002,4.2,.
Hallucinogens,12 Month,Age 19-30,2003,4.5,.
Hallucinogens,12 Month,Age 19-30,2004,3.9,.
Hallucinogens,12 Month,Age 19-30,2005,4,.
Hallucinogens,12 Month,Age 19-30,2006,3.5,.
Hallucinogens,12 Month,Age 19-30,2007,3.6,.
Hallucinogens,12 Month,Age 19-30,2008,3.6,.
Hallucinogens,12 Month,Age 19-30,2009,3.6,.
Hallucinogens,12 Month,Age 19-30,2010,3.8,.
Hallucinogens,12 Month,Age 19-30,2011,3.7,.
Hallucinogens,12 Month,Age 19-30,2012,3.4,.
Hallucinogens,12 Month,Age 19-30,2013,3.8,.
Hallucinogens,12 Month,Age 19-30,2014,4.4,.
Hallucinogens,12 Month,Age 19-30,2015,4.1,.
Hallucinogens,12 Month,Age 19-30,2016,4.7,.
Hallucinogens,12 Month,Age 19-30,2017,4.5,.
Hallucinogens,12 Month,Age 19-30,2018,5.3,.
Hallucinogens,12 Month,Age 19-30,2019,5.2,.
Hallucinogens,12 Month,Age 19-30,2020,7.6,.
Hallucinogens,12 Month,Age 19-30,2021,8.5,.
Hallucinogens,12 Month,Age 19-30,2022,8,.
Hallucinogens,12 Month,Age 19-30,2023,8.9,.
Hallucinogens,12 Month,Age 35-50,2008,0.4,.
Hallucinogens,12 Month,Age 35-50,2009,0.5,.
Hallucinogens,12 Month,Age 35-50,2010,0.7,.
Hallucinogens,12 Month,Age 35-50,2011,0.7,.
Hallucinogens,12 Month,Age 35-50,2012,0.5,.
Hallucinogens,12 Month,Age 35-50,2013,0.6,.
Hallucinogens,12 Month,Age 35-50,2014,0.6,.
Hallucinogens,12 Month,Age 35-50,2015,0.9,.
Hallucinogens,12 Month,Age 35-50,2016,0.7,.
Hallucinogens,12 Month,Age 35-50,2017,1,.
Hallucinogens,12 Month,Age 35-50,2018,1.4,.
Hallucinogens,12 Month,Age 35-50,2019,1.1,.
Hallucinogens,12 Month,Age 35-50,2020,2,.
Hallucinogens,12 Month,Age 35-50,2021,2.3,.
Hallucinogens,12 Month,Age 35-50,2022,4.1,.
Hallucinogens,12 Month,Age 35-50,2023,4.2,.
Heroin,12 Month,Age 19-30,1988,0.2,.
Heroin,12 Month,Age 19-30,1989,0.2,.
Heroin,12 Month,Age 19-30,1990,0.1,.
Heroin,12 Month,Age 19-30,1991,0.2,.
Heroin,12 Month,Age 19-30,1992,0.2,.
Heroin,12 Month,Age 19-30,1993,0.2,.
Heroin,12 Month,Age 19-30,1994,0.2,.
Heroin,12 Month,Age 19-30,1995,0.4,.
Heroin,12 Month,Age 19-30,1996,0.4,.
Heroin,12 Month,Age 19-30,1997,0.3,.
Heroin,12 Month,Age 19-30,1998,0.4,.
Heroin,12 Month,Age 19-30,1999,0.3,.
Heroin,12 Month,Age 19-30,2000,0.3,.
Heroin,12 Month,Age 19-30,2001,0.5,.
Heroin,12 Month,Age 19-30,2002,0.2,.
Heroin,12 Month,Age 19-30,2003,0.4,.
Heroin,12 Month,Age 19-30,2004,0.3,.
Heroin,12 Month,Age 19-30,2005,0.5,.
Heroin,12 Month,Age 19-30,2006,0.4,.
Heroin,12 Month,Age 19-30,2007,0.4,.
Heroin,12 Month,Age 19-30,2008,0.5,.
Heroin,12 Month,Age 19-30,2009,0.6,.
Heroin,12 Month,Age 19-30,2010,0.5,.
Heroin,12 Month,Age 19-30,2011,0.6,.
Heroin,12 Month,Age 19-30,2012,0.5,.
Heroin,12 Month,Age 19-30,2013,0.7,.
Heroin,12 Month,Age 19-30,2014,0.5,.
Heroin,12 Month,Age 19-30,2015,0.6,.
Heroin,12 Month,Age 19-30,2016,0.6,.
Heroin,12 Month,Age 19-30,2017,0.5,.
Heroin,12 Month,Age 19-30,2018,0.4,.
Heroin,12 Month,Age 19-30,2019,0.3,.
Heroin,12 Month,Age 19-30,2020,0.3,.
Heroin,12 Month,Age 19-30,2021,0.4,.
Heroin,12 Month,Age 19-30,2022,0.2,.
Heroin,12 Month,Age 19-30,2023,0,.
Heroin,12 Month,Age 35-50,2008,0.2,.
Heroin,12 Month,Age 35-50,2009,0.2,.
Heroin,12 Month,Age 35-50,2010,0.2,.
Heroin,12 Month,Age 35-50,2011,0.1,.
Heroin,12 Month,Age 35-50,2012,0.1,.
Heroin,12 Month,Age 35-50,2013,0.3,.
Heroin,12 Month,Age 35-50,2014,0.3,.
Heroin,12 Month,Age 35-50,2015,0.2,.
Heroin,12 Month,Age 35-50,2016,0.3,.
Heroin,12 Month,Age 35-50,2017,0.2,.
Heroin,12 Month,Age 35-50,2018,0.2,.
Heroin,12 Month,Age 35-50,2019,0.3,.
Heroin,12 Month,Age 35-50,2020,0.1,.
Heroin,12 Month,Age 35-50,2021,0.3,.
Heroin,12 Month,Age 35-50,2022,0.3,.
Heroin,12 Month,Age 35-50,2023,0.2,.
Heroin,12 Month,Age 55-65,2023,0.1,.
Tobacco Using a Hookah,12 Month,Age 19-30,2023,7.9,.
Tobacco Using a Hookah,12 Month,Age 35-50,2023,3,.
Tobacco Using a Hookah,12 Month,Age 55-65,2023,2,.
Large Cigars,12 Month,Age 19-30,2023,10.2,.
Large Cigars,12 Month,Age 35-50,2023,7.8,.
Large Cigars,12 Month,Age 55-65,2023,6.4,.
LSD,12 Month,Age 19-30,1988,2.7,.
LSD,12 Month,Age 19-30,1989,2.3,.
LSD,12 Month,Age 19-30,1990,2.9,.
LSD,12 Month,Age 19-30,1991,3.4,.
LSD,12 Month,Age 19-30,1992,3.7,.
LSD,12 Month,Age 19-30,1993,3.2,.
LSD,12 Month,Age 19-30,1994,3.4,.
LSD,12 Month,Age 19-30,1995,3.8,.
LSD,12 Month,Age 19-30,1996,4,.
LSD,12 Month,Age 19-30,1997,3.6,.
LSD,12 Month,Age 19-30,1998,3,.
LSD,12 Month,Age 19-30,1999,3.4,.
LSD,12 Month,Age 19-30,2000,3.3,.
LSD,12 Month,Age 19-30,2001,2.9,.
LSD,12 Month,Age 19-30,2002,1.6,.
LSD,12 Month,Age 19-30,2003,1,.
LSD,12 Month,Age 19-30,2004,0.8,.
LSD,12 Month,Age 19-30,2005,0.8,.
LSD,12 Month,Age 19-30,2006,1,.
LSD,12 Month,Age 19-30,2007,1,.
LSD,12 Month,Age 19-30,2008,1.2,.
LSD,12 Month,Age 19-30,2009,1.5,.
LSD,12 Month,Age 19-30,2010,1.2,.
LSD,12 Month,Age 19-30,2011,1.8,.
LSD,12 Month,Age 19-30,2012,1.4,.
LSD,12 Month,Age 19-30,2013,1.8,.
LSD,12 Month,Age 19-30,2014,2.1,.
LSD,12 Month,Age 19-30,2015,2.4,.
LSD,12 Month,Age 19-30,2016,3.2,.
LSD,12 Month,Age 19-30,2017,3,.
LSD,12 Month,Age 19-30,2018,3.7,.
LSD,12 Month,Age 19-30,2019,3.4,.
LSD,12 Month,Age 19-30,2020,4.7,.
LSD,12 Month,Age 19-30,2021,4.3,.
LSD,12 Month,Age 19-30,2022,2.6,.
LSD,12 Month,Age 19-30,2023,2.5,.
"MDMA (Ecstasy, Molly)",12 Month,Age 19-30,1989,1.1,Original
"MDMA (Ecstasy, Molly)",12 Month,Age 19-30,1990,1.3,Original
"MDMA (Ecstasy, Molly)",12 Month,Age 19-30,1991,0.7,Original
"MDMA (Ecstasy, Molly)",12 Month,Age 19-30,1992,0.8,Original
"MDMA (Ecstasy, Molly)",12 Month,Age 19-30,1993,0.6,Original
"MDMA (Ecstasy, Molly)",12 Month,Age 19-30,1994,0.7,Original
"MDMA (Ecstasy, Molly)",12 Month,Age 19-30,1995,1.3,Original
"MDMA (Ecstasy, Molly)",12 Month,Age 19-30,1996,1.5,Original
"MDMA (Ecstasy, Molly)",12 Month,Age 19-30,1997,1.9,Original
"MDMA (Ecstasy, Molly)",12 Month,Age 19-30,1998,2.2,Original
"MDMA (Ecstasy, Molly)",12 Month,Age 19-30,1999,2.8,Original
"MDMA (Ecstasy, Molly)",12 Month,Age 19-30,2000,6.4,Original
"MDMA (Ecstasy, Molly)",12 Month,Age 19-30,2001,6.2,Original
"MDMA (Ecstasy, Molly)",12 Month,Age 19-30,2002,5.5,Original
"MDMA (Ecstasy, Molly)",12 Month,Age 19-30,2003,3.7,Original
"MDMA (Ecstasy, Molly)",12 Month,Age 19-30,2004,3.2,Original
"MDMA (Ecstasy, Molly)",12 Month,Age 19-30,2005,2.7,Original
"MDMA (Ecstasy, Molly)",12 Month,Age 19-30,2006,3.1,Original
"MDMA (Ecstasy, Molly)",12 Month,Age 19-30,2007,2.4,Original
"MDMA (Ecstasy, Molly)",12 Month,Age 19-30,2008,3,Original
"MDMA (Ecstasy, Molly)",12 Month,Age 19-30,2009,3,Original
"MDMA (Ecstasy, Molly)",12 Month,Age 19-30,2010,3.5,Original
"MDMA (Ecstasy, Molly)",12 Month,Age 19-30,2011,3.4,Original
"MDMA (Ecstasy, Molly)",12 Month,Age 19-30,2012,4,Original
"MDMA (Ecstasy, Molly)",12 Month,Age 19-30,2013,3.8,Original
"MDMA (Ecstasy, Molly)",12 Month,Age 19-30,2014,4.9,Original
"MDMA (Ecstasy, Molly)",12 Month,Age 19-30,2014,6.1,Revised
"MDMA (Ecstasy, Molly)",12 Month,Age 19-30,2015,4.2,Revised
"MDMA (Ecstasy, Molly)",12 Month,Age 19-30,2016,4.9,Revised
"MDMA (Ecstasy, Molly)",12 Month,Age 19-30,2017,3.7,Revised
"MDMA (Ecstasy, Molly)",12 Month,Age 19-30,2018,3.8,Revised
"MDMA (Ecstasy, Molly)",12 Month,Age 19-30,2019,3.9,Revised
"MDMA (Ecstasy, Molly)",12 Month,Age 19-30,2020,4.7,Revised
"MDMA (Ecstasy, Molly)",12 Month,Age 19-30,2021,2.9,Revised
"MDMA (Ecstasy, Molly)",12 Month,Age 19-30,2022,3.2,Revised
"MDMA (Ecstasy, Molly)",12 Month,Age 19-30,2023,2.9,Revised
Methamphetamine,12 Month,Age 19-30,1999,2.6,.
Methamphetamine,12 Month,Age 19-30,2000,2.3,.
Methamphetamine,12 Month,Age 19-30,2001,2.4,.
Methamphetamine,12 Month,Age 19-30,2002,2.7,.
Methamphetamine,12 Month,Age 19-30,2003,2.5,.
Methamphetamine,12 Month,Age 19-30,2004,2.6,.
Methamphetamine,12 Month,Age 19-30,2005,2.3,.
Methamphetamine,12 Month,Age 19-30,2006,1.9,.
Methamphetamine,12 Month,Age 19-30,2007,1.5,.
Methamphetamine,12 Month,Age 19-30,2008,0.9,.
Methamphetamine,12 Month,Age 19-30,2009,0.8,.
Methamphetamine,12 Month,Age 19-30,2010,0.9,.
Methamphetamine,12 Month,Age 19-30,2011,0.7,.
Methamphetamine,12 Month,Age 19-30,2012,1.1,.
Methamphetamine,12 Month,Age 19-30,2013,0.8,.
Methamphetamine,12 Month,Age 19-30,2014,0.8,.
Methamphetamine,12 Month,Age 19-30,2015,0.8,.
Methamphetamine,12 Month,Age 19-30,2016,0.9,.
Methamphetamine,12 Month,Age 19-30,2017,0.9,.
Methamphetamine,12 Month,Age 19-30,2018,1.5,.
Methamphetamine,12 Month,Age 19-30,2019,0.9,.
Methamphetamine,12 Month,Age 19-30,2020,1,.
Methamphetamine,12 Month,Age 19-30,2021,0.5,.
Methamphetamine,12 Month,Age 19-30,2022,0.8,.
Methamphetamine,12 Month,Age 19-30,2023,0.4,.
Cannabis,30 Day,Age 19-30,1988,17.5,.
Cannabis,30 Day,Age 19-30,1989,15.3,.
Cannabis,30 Day,Age 19-30,1990,13.5,.
Cannabis,30 Day,Age 19-30,1991,13.5,.
Cannabis,30 Day,Age 19-30,1992,13.2,.
Cannabis,30 Day,Age 19-30,1993,13,.
Cannabis,30 Day,Age 19-30,1994,13.6,.
Cannabis,30 Day,Age 19-30,1995,13.4,.
Cannabis,30 Day,Age 19-30,1996,14.1,.
Cannabis,30 Day,Age 19-30,1997,13.6,.
Cannabis,30 Day,Age 19-30,1998,13.9,.
Cannabis,30 Day,Age 19-30,1999,14.3,.
Cannabis,30 Day,Age 19-30,2000,14.9,.
Cannabis,30 Day,Age 19-30,2001,14.7,.
Cannabis,30 Day,Age 19-30,2002,15,.
Cannabis,30 Day,Age 19-30,2003,15.5,.
Cannabis,30 Day,Age 19-30,2004,14.6,.
Cannabis,30 Day,Age 19-30,2005,14.9,.
Cannabis,30 Day,Age 19-30,2006,14.7,.
Cannabis,30 Day,Age 19-30,2007,15.3,.
Cannabis,30 Day,Age 19-30,2008,15.4,.
Cannabis,30 Day,Age 19-30,2009,16.1,.
Cannabis,30 Day,Age 19-30,2010,15.3,.
Cannabis,30 Day,Age 19-30,2011,17.5,.
Cannabis,30 Day,Age 19-30,2012,16.6,.
Cannabis,30 Day,Age 19-30,2013,18.3,.
Cannabis,30 Day,Age 19-30,2014,18.5,.
Cannabis,30 Day,Age 19-30,2015,19,.
Cannabis,30 Day,Age 19-30,2016,20.6,.
Cannabis,30 Day,Age 19-30,2017,22.1,.
Cannabis,30 Day,Age 19-30,2018,24.3,.
Cannabis,30 Day,Age 19-30,2019,25.6,.
Cannabis,30 Day,Age 19-30,2020,26.8,.
Cannabis,30 Day,Age 19-30,2021,29,.
Cannabis,30 Day,Age 19-30,2022,28.8,.
Cannabis,30 Day,Age 19-30,2023,28.7,.
Cannabis,30 Day,Age 35-50,2008,7.4,.
Cannabis,30 Day,Age 35-50,2009,7,.
Cannabis,30 Day,Age 35-50,2010,7.5,.
Cannabis,30 Day,Age 35-50,2011,7.8,.
Cannabis,30 Day,Age 35-50,2012,7.6,.
Cannabis,30 Day,Age 35-50,2013,8.3,.
Cannabis,30 Day,Age 35-50,2014,8.6,.
Cannabis,30 Day,Age 35-50,2015,9.6,.
Cannabis,30 Day,Age 35-50,2016,9.3,.
Cannabis,30 Day,Age 35-50,2017,10.5,.
Cannabis,30 Day,Age 35-50,2018,12.1,.
Cannabis,30 Day,Age 35-50,2019,12.8,.
Cannabis,30 Day,Age 35-50,2020,13.8,.
Cannabis,30 Day,Age 35-50,2021,16.1,.
Cannabis,30 Day,Age 35-50,2022,17.3,.
Cannabis,30 Day,Age 35-50,2023,19.2,.
Cannabis,30 Day,Age 55-65,2023,13.7,.
Cannabis,12 Month,Age 19-30,1988,30.8,.
Cannabis,12 Month,Age 19-30,1989,27.9,.
Cannabis,12 Month,Age 19-30,1990,25,.
Cannabis,12 Month,Age 19-30,1991,23.3,.
Cannabis,12 Month,Age 19-30,1992,24.1,.
Cannabis,12 Month,Age 19-30,1993,23.7,.
Cannabis,12 Month,Age 19-30,1994,24.1,.
Cannabis,12 Month,Age 19-30,1995,24.4,.
Cannabis,12 Month,Age 19-30,1996,25,.
Cannabis,12 Month,Age 19-30,1997,24.5,.
Cannabis,12 Month,Age 19-30,1998,25.3,.
Cannabis,12 Month,Age 19-30,1999,25.1,.
Cannabis,12 Month,Age 19-30,2000,25.8,.
Cannabis,12 Month,Age 19-30,2001,26.4,.
Cannabis,12 Month,Age 19-30,2002,26.5,.
Cannabis,12 Month,Age 19-30,2003,26,.
Cannabis,12 Month,Age 19-30,2004,26.4,.
Cannabis,12 Month,Age 19-30,2005,26,.
Cannabis,12 Month,Age 19-30,2006,26.4,.
Cannabis,12 Month,Age 19-30,2007,26.4,.
Cannabis,12 Month,Age 19-30,2008,27.2,.
Cannabis,12 Month,Age 19-30,2009,27.8,.
Cannabis,12 Month,Age 19-30,2010,27,.
Cannabis,12 Month,Age 19-30,2011,29.5,.
Cannabis,12 Month,Age 19-30,2012,28.1,.
Cannabis,12 Month,Age 19-30,2013,30.6,.
Cannabis,12 Month,Age 19-30,2014,30.3,.
Cannabis,12 Month,Age 19-30,2015,31.3,.
Cannabis,12 Month,Age 19-30,2016,33.2,.
Cannabis,12 Month,Age 19-30,2017,35.3,.
Cannabis,12 Month,Age 19-30,2018,38.7,.
Cannabis,12 Month,Age 19-30,2019,38.5,.
Cannabis,12 Month,Age 19-30,2020,41.1,.
Cannabis,12 Month,Age 19-30,2021,42.5,.
Cannabis,12 Month,Age 19-30,2022,43.6,.
Cannabis,12 Month,Age 19-30,2023,42.4,.
Cannabis,12 Month,Age 35-50,2008,12.2,.
Cannabis,12 Month,Age 35-50,2009,11.9,.
Cannabis,12 Month,Age 35-50,2010,13,.
Cannabis,12 Month,Age 35-50,2011,12.7,.
Cannabis,12 Month,Age 35-50,2012,13.1,.
Cannabis,12 Month,Age 35-50,2013,14.4,.
Cannabis,12 Month,Age 35-50,2014,14.3,.
Cannabis,12 Month,Age 35-50,2015,15.8,.
Cannabis,12 Month,Age 35-50,2016,14.9,.
Cannabis,12 Month,Age 35-50,2017,17.3,.
Cannabis,12 Month,Age 35-50,2018,19,.
Cannabis,12 Month,Age 35-50,2019,20.8,.
Cannabis,12 Month,Age 35-50,2020,22.6,.
Cannabis,12 Month,Age 35-50,2021,25.1,.
Cannabis,12 Month,Age 35-50,2022,27.9,.
Cannabis,12 Month,Age 35-50,2023,29.3,.
Cannabis,12 Month,Age 55-65,2023,19,.
Cannabis,Daily,Age 19-30,1988,3.3,.
Cannabis,Daily,Age 19-30,1989,3.2,.
Cannabis,Daily,Age 19-30,1990,2.5,.
Cannabis,Daily,Age 19-30,1991,2.4,.
Cannabis,Daily,Age 19-30,1992,2.4,.
Cannabis,Daily,Age 19-30,1993,2.4,.
Cannabis,Daily,Age 19-30,1994,2.8,.
Cannabis,Daily,Age 19-30,1995,3.2,.
Cannabis,Daily,Age 19-30,1996,3.1,.
Cannabis,Daily,Age 19-30,1997,3.4,.
Cannabis,Daily,Age 19-30,1998,3.6,.
Cannabis,Daily,Age 19-30,1999,4,.
Cannabis,Daily,Age 19-30,2000,3.8,.
Cannabis,Daily,Age 19-30,2001,4.3,.
Cannabis,Daily,Age 19-30,2002,4,.
Cannabis,Daily,Age 19-30,2003,4.8,.
Cannabis,Daily,Age 19-30,2004,4.4,.
Cannabis,Daily,Age 19-30,2005,4.9,.
Cannabis,Daily,Age 19-30,2006,4.4,.
Cannabis,Daily,Age 19-30,2007,4.8,.
Cannabis,Daily,Age 19-30,2008,5,.
Cannabis,Daily,Age 19-30,2009,5.4,.
Cannabis,Daily,Age 19-30,2010,5,.
Cannabis,Daily,Age 19-30,2011,5.9,.
Cannabis,Daily,Age 19-30,2012,5.6,.
Cannabis,Daily,Age 19-30,2013,5.9,.
Cannabis,Daily,Age 19-30,2014,7.1,.
Cannabis,Daily,Age 19-30,2015,6.9,.
Cannabis,Daily,Age 19-30,2016,7.9,.
Cannabis,Daily,Age 19-30,2017,7.8,.
Cannabis,Daily,Age 19-30,2018,8.6,.
Cannabis,Daily,Age 19-30,2019,9.3,.
Cannabis,Daily,Age 19-30,2020,9.9,.
Cannabis,Daily,Age 19-30,2021,10.9,.
Cannabis,Daily,Age 19-30,2022,11.3,.
Cannabis,Daily,Age 19-30,2023,10.4,.
Cannabis,Daily,Age 35-50,2008,2.5,.
Cannabis,Daily,Age 35-50,2009,2,.
Cannabis,Daily,Age 35-50,2010,2.6,.
Cannabis,Daily,Age 35-50,2011,2.8,.
Cannabis,Daily,Age 35-50,2012,3,.
Cannabis,Daily,Age 35-50,2013,2.8,.
Cannabis,Daily,Age 35-50,2014,3,.
Cannabis,Daily,Age 35-50,2015,3.7,.
Cannabis,Daily,Age 35-50,2016,3.4,.
Cannabis,Daily,Age 35-50,2017,3.9,.
Cannabis,Daily,Age 35-50,2018,4.3,.
Cannabis,Daily,Age 35-50,2019,4.3,.
Cannabis,Daily,Age 35-50,2020,5.9,.
Cannabis,Daily,Age 35-50,2021,6.6,.
Cannabis,Daily,Age 35-50,2022,6.5,.
Cannabis,Daily,Age 35-50,2023,7.5,.
Cannabis,Daily,Age 55-65,2023,5.2,.
Nicotine Pouches,12 Month,Age 19-30,2023,4.8,.
Nicotine Pouches,12 Month,Age 35-50,2023,3.3,.
Nicotine Pouches,12 Month,Age 55-65,2023,2.2,.
Hallucinogens Other Than LSD,12 Month,Age 19-30,1988,1.7,.
Hallucinogens Other Than LSD,12 Month,Age 19-30,1989,1.7,.
Hallucinogens Other Than LSD,12 Month,Age 19-30,1990,1.5,.
Hallucinogens Other Than LSD,12 Month,Age 19-30,1991,1.5,.
Hallucinogens Other Than LSD,12 Month,Age 19-30,1992,1.7,.
Hallucinogens Other Than LSD,12 Month,Age 19-30,1993,1.6,.
Hallucinogens Other Than LSD,12 Month,Age 19-30,1994,1.8,.
Hallucinogens Other Than LSD,12 Month,Age 19-30,1995,2,.
Hallucinogens Other Than LSD,12 Month,Age 19-30,1996,2.4,.
Hallucinogens Other Than LSD,12 Month,Age 19-30,1997,2.7,.
Hallucinogens Other Than LSD,12 Month,Age 19-30,1998,2.5,.
Hallucinogens Other Than LSD,12 Month,Age 19-30,1999,2.5,.
Hallucinogens Other Than LSD,12 Month,Age 19-30,2000,2.9,.
Hallucinogens Other Than LSD,12 Month,Age 19-30,2001,2.8,.
Hallucinogens Other Than LSD,12 Month,Age 19-30,2002,3.7,.
Hallucinogens Other Than LSD,12 Month,Age 19-30,2003,4.2,.
Hallucinogens Other Than LSD,12 Month,Age 19-30,2004,3.7,.
Hallucinogens Other Than LSD,12 Month,Age 19-30,2005,3.8,.
Hallucinogens Other Than LSD,12 Month,Age 19-30,2006,3.2,.
Hallucinogens Other Than LSD,12 Month,Age 19-30,2007,3.4,.
Hallucinogens Other Than LSD,12 Month,Age 19-30,2008,3.2,.
Hallucinogens Other Than LSD,12 Month,Age 19-30,2009,3.1,.
Hallucinogens Other Than LSD,12 Month,Age 19-30,2010,3.3,.
Hallucinogens Other Than LSD,12 Month,Age 19-30,2011,3.1,.
Hallucinogens Other Than LSD,12 Month,Age 19-30,2012,2.9,.
Hallucinogens Other Than LSD,12 Month,Age 19-30,2013,3.2,.
Hallucinogens Other Than LSD,12 Month,Age 19-30,2014,3.4,.
Hallucinogens Other Than LSD,12 Month,Age 19-30,2015,3.1,.
Hallucinogens Other Than LSD,12 Month,Age 19-30,2016,3.1,.
Hallucinogens Other Than LSD,12 Month,Age 19-30,2017,3.1,.
Hallucinogens Other Than LSD,12 Month,Age 19-30,2018,3.4,.
Hallucinogens Other Than LSD,12 Month,Age 19-30,2019,3.5,.
Hallucinogens Other Than LSD,12 Month,Age 19-30,2020,5.2,.
Hallucinogens Other Than LSD,12 Month,Age 19-30,2021,6.7,.
Hallucinogens Other Than LSD,12 Month,Age 19-30,2022,7,.
Hallucinogens Other Than LSD,12 Month,Age 19-30,2023,8.5,.
Narcotics Other Than Heroin,12 Month,Age 19-30,1988,2.5,.
Narcotics Other Than Heroin,12 Month,Age 19-30,1989,2.7,.
Narcotics Other Than Heroin,12 Month,Age 19-30,1990,2.4,.
Narcotics Other Than Heroin,12 Month,Age 19-30,1991,2.3,.
Narcotics Other Than Heroin,12 Month,Age 19-30,1992,2.3,.
Narcotics Other Than Heroin,12 Month,Age 19-30,1993,2,.
Narcotics Other Than Heroin,12 Month,Age 19-30,1994,2.3,.
Narcotics Other Than Heroin,12 Month,Age 19-30,1995,2.7,.
Narcotics Other Than Heroin,12 Month,Age 19-30,1996,2.8,.
Narcotics Other Than Heroin,12 Month,Age 19-30,1997,3,.
Narcotics Other Than Heroin,12 Month,Age 19-30,1998,3.1,.
Narcotics Other Than Heroin,12 Month,Age 19-30,1999,3.4,.
Narcotics Other Than Heroin,12 Month,Age 19-30,2000,3.8,.
Narcotics Other Than Heroin,12 Month,Age 19-30,2001,4.6,.
Narcotics Other Than Heroin,12 Month,Age 19-30,2002,5.6,.
Narcotics Other Than Heroin,12 Month,Age 19-30,2003,7.8,.
Narcotics Other Than Heroin,12 Month,Age 19-30,2004,8.4,.
Narcotics Other Than Heroin,12 Month,Age 19-30,2005,8.5,.
Narcotics Other Than Heroin,12 Month,Age 19-30,2006,8.9,.
Narcotics Other Than Heroin,12 Month,Age 19-30,2007,8.4,.
Narcotics Other Than Heroin,12 Month,Age 19-30,2008,9.1,.
Narcotics Other Than Heroin,12 Month,Age 19-30,2009,8.9,.
Narcotics Other Than Heroin,12 Month,Age 19-30,2010,9.2,.
Narcotics Other Than Heroin,12 Month,Age 19-30,2011,8.2,.
Narcotics Other Than Heroin,12 Month,Age 19-30,2012,7.6,.
Narcotics Other Than Heroin,12 Month,Age 19-30,2013,7.6,.
Narcotics Other Than Heroin,12 Month,Age 19-30,2014,6.7,.
Narcotics Other Than Heroin,12 Month,Age 19-30,2015,5.8,.
Narcotics Other Than Heroin,12 Month,Age 19-30,2016,5.7,.
Narcotics Other Than Heroin,12 Month,Age 19-30,2017,4.6,.
Narcotics Other Than Heroin,12 Month,Age 19-30,2018,3.8,.
Narcotics Other Than Heroin,12 Month,Age 19-30,2019,3.3,.
Narcotics Other Than Heroin,12 Month,Age 19-30,2020,2.5,.
Narcotics Other Than Heroin,12 Month,Age 19-30,2021,2.1,.
Narcotics Other Than Heroin,12 Month,Age 19-30,2022,1.8,.
Narcotics Other Than Heroin,12 Month,Age 19-30,2023,1.3,.
Narcotics Other Than Heroin,12 Month,Age 35-50,2008,4.7,.
Narcotics Other Than Heroin,12 Month,Age 35-50,2009,4.8,.
Narcotics Other Than Heroin,12 Month,Age 35-50,2010,5.3,.
Narcotics Other Than Heroin,12 Month,Age 35-50,2011,4.9,.
Narcotics Other Than Heroin,12 Month,Age 35-50,2012,4.9,.
Narcotics Other Than Heroin,12 Month,Age 35-50,2013,4.4,.
Narcotics Other Than Heroin,12 Month,Age 35-50,2014,4.6,.
Narcotics Other Than Heroin,12 Month,Age 35-50,2015,4.6,.
Narcotics Other Than Heroin,12 Month,Age 35-50,2016,5.3,.
Narcotics Other Than Heroin,12 Month,Age 35-50,2017,4.3,.
Narcotics Other Than Heroin,12 Month,Age 35-50,2018,4.7,.
Narcotics Other Than Heroin,12 Month,Age 35-50,2019,3.4,.
Narcotics Other Than Heroin,12 Month,Age 35-50,2020,2.7,.
Narcotics Other Than Heroin,12 Month,Age 35-50,2021,3.3,.
Narcotics Other Than Heroin,12 Month,Age 35-50,2022,3.1,.
Narcotics Other Than Heroin,12 Month,Age 35-50,2023,2.7,.
Narcotics Other Than Heroin,12 Month,Age 55-65,2023,2,.
OxyContin,12 Month,Age 19-30,2002,1.9,.
OxyContin,12 Month,Age 19-30,2003,2.1,.
OxyContin,12 Month,Age 19-30,2004,2.7,.
OxyContin,12 Month,Age 19-30,2005,3,.
OxyContin,12 Month,Age 19-30,2006,3.1,.
OxyContin,12 Month,Age 19-30,2007,2.6,.
OxyContin,12 Month,Age 19-30,2008,3.4,.
OxyContin,12 Month,Age 19-30,2009,4.5,.
OxyContin,12 Month,Age 19-30,2010,3.2,.
OxyContin,12 Month,Age 19-30,2011,3.1,.
OxyContin,12 Month,Age 19-30,2012,2.2,.
OxyContin,12 Month,Age 19-30,2013,2.8,.
OxyContin,12 Month,Age 19-30,2014,2.8,.
OxyContin,12 Month,Age 19-30,2015,2.8,.
OxyContin,12 Month,Age 19-30,2016,2.7,.
OxyContin,12 Month,Age 19-30,2017,2.2,.
OxyContin,12 Month,Age 19-30,2018,2.1,.
OxyContin,12 Month,Age 19-30,2019,1.9,.
OxyContin,12 Month,Age 19-30,2020,2.2,.
OxyContin,12 Month,Age 19-30,2021,1.8,.
OxyContin,12 Month,Age 19-30,2022,1.4,.
OxyContin,12 Month,Age 19-30,2023,1.5,.
Ritalin,12 Month,Age 19-30,2002,2.1,.
Ritalin,12 Month,Age 19-30,2003,2.4,.
Ritalin,12 Month,Age 19-30,2004,2.3,.
Ritalin,12 Month,Age 19-30,2005,2.1,.
Ritalin,12 Month,Age 19-30,2006,2.5,.
Ritalin,12 Month,Age 19-30,2007,2.1,.
Ritalin,12 Month,Age 19-30,2008,2.1,.
Ritalin,12 Month,Age 19-30,2009,1.8,.
Ritalin,12 Month,Age 19-30,2010,1.4,.
Ritalin,12 Month,Age 19-30,2011,1.3,.
Ritalin,12 Month,Age 19-30,2012,1.6,.
Ritalin,12 Month,Age 19-30,2013,1.9,.
Ritalin,12 Month,Age 19-30,2014,1.8,.
Ritalin,12 Month,Age 19-30,2015,1.7,.
Ritalin,12 Month,Age 19-30,2016,1.2,.
Ritalin,12 Month,Age 19-30,2017,1.1,.
Ritalin,12 Month,Age 19-30,2018,1.4,.
Ritalin,12 Month,Age 19-30,2019,1.1,.
Ritalin,12 Month,Age 19-30,2020,1.8,.
Ritalin,12 Month,Age 19-30,2021,1.4,.
Ritalin,12 Month,Age 19-30,2022,1.5,.
Ritalin,12 Month,Age 19-30,2023,1.2,.
Sedatives (Barbiturates),12 Month,Age 19-30,1988,1.8,.
Sedatives (Barbiturates),12 Month,Age 19-30,1989,1.7,.
Sedatives (Barbiturates),12 Month,Age 19-30,1990,2,.
Sedatives (Barbiturates),12 Month,Age 19-30,1991,1.8,.
Sedatives (Barbiturates),12 Month,Age 19-30,1992,1.7,.
Sedatives (Barbiturates),12 Month,Age 19-30,1993,1.8,.
Sedatives (Barbiturates),12 Month,Age 19-30,1994,1.9,.
Sedatives (Barbiturates),12 Month,Age 19-30,1995,2,.
Sedatives (Barbiturates),12 Month,Age 19-30,1996,2.2,.
Sedatives (Barbiturates),12 Month,Age 19-30,1997,2.3,.
Sedatives (Barbiturates),12 Month,Age 19-30,1998,2.2,.
Sedatives (Barbiturates),12 Month,Age 19-30,1999,2.5,.
Sedatives (Barbiturates),12 Month,Age 19-30,2000,2.8,.
Sedatives (Barbiturates),12 Month,Age 19-30,2001,3.4,.
Sedatives (Barbiturates),12 Month,Age 19-30,2002,3.5,.
Sedatives (Barbiturates),12 Month,Age 19-30,2003,3.5,.
Sedatives (Barbiturates),12 Month,Age 19-30,2004,3.8,.
Sedatives (Barbiturates),12 Month,Age 19-30,2005,4.2,.
Sedatives (Barbiturates),12 Month,Age 19-30,2006,4,.
Sedatives (Barbiturates),12 Month,Age 19-30,2007,4.2,.
Sedatives (Barbiturates),12 Month,Age 19-30,2008,4.6,.
Sedatives (Barbiturates),12 Month,Age 19-30,2009,3.8,.
Sedatives (Barbiturates),12 Month,Age 19-30,2010,3.4,.
Sedatives (Barbiturates),12 Month,Age 19-30,2011,3.3,.
Sedatives (Barbiturates),12 Month,Age 19-30,2012,2.8,.
Sedatives (Barbiturates),12 Month,Age 19-30,2013,3.4,.
Sedatives (Barbiturates),12 Month,Age 19-30,2014,3.5,.
Sedatives (Barbiturates),12 Month,Age 19-30,2015,2.9,.
Sedatives (Barbiturates),12 Month,Age 19-30,2016,2.8,.
Sedatives (Barbiturates),12 Month,Age 19-30,2017,2.5,.
Sedatives (Barbiturates),12 Month,Age 19-30,2018,2.8,.
Sedatives (Barbiturates),12 Month,Age 19-30,2019,2.1,.
Sedatives (Barbiturates),12 Month,Age 19-30,2020,1.8,.
Sedatives (Barbiturates),12 Month,Age 19-30,2021,1.5,.
Sedatives (Barbiturates),12 Month,Age 19-30,2022,1.4,.
Sedatives (Barbiturates),12 Month,Age 19-30,2023,1,.
Sedatives (Barbiturates),12 Month,Age 35-50,2008,3.3,.
Sedatives (Barbiturates),12 Month,Age 35-50,2009,3.1,.
Sedatives (Barbiturates),12 Month,Age 35-50,2010,2.8,.
Sedatives (Barbiturates),12 Month,Age 35-50,2011,2.8,.
Sedatives (Barbiturates),12 Month,Age 35-50,2012,2.7,.
Sedatives (Barbiturates),12 Month,Age 35-50,2013,2.6,.
Sedatives (Barbiturates),12 Month,Age 35-50,2014,2.8,.
Sedatives (Barbiturates),12 Month,Age 35-50,2015,2.7,.
Sedatives (Barbiturates),12 Month,Age 35-50,2016,1.9,.
Sedatives (Barbiturates),12 Month,Age 35-50,2017,2.4,.
Sedatives (Barbiturates),12 Month,Age 35-50,2018,2.5,.
Sedatives (Barbiturates),12 Month,Age 35-50,2019,1.9,.
Sedatives (Barbiturates),12 Month,Age 35-50,2020,2.2,.
Sedatives (Barbiturates),12 Month,Age 35-50,2021,2.1,.
Sedatives (Barbiturates),12 Month,Age 35-50,2022,2.2,.
Sedatives (Barbiturates),12 Month,Age 35-50,2023,2,.
Sedatives (Barbiturates),12 Month,Age 55-65,2023,2.6,.
Small Cigars,12 Month,Age 19-30,2023,10.8,.
Small Cigars,12 Month,Age 35-50,2023,7.2,.
Small Cigars,12 Month,Age 55-65,2023,5.3,.
Smokeless Tobacco,12 Month,Age 19-30,2023,3.3,.
Smokeless Tobacco,12 Month,Age 35-50,2023,4.7,.
Smokeless Tobacco,12 Month,Age 55-65,2023,3.5,.
Snus,12 Month,Age 19-30,2011,6.2,.
Snus,12 Month,Age 19-30,2012,5.8,.
Snus,12 Month,Age 19-30,2013,5.2,.
Snus,12 Month,Age 19-30,2014,5.2,.
Snus,12 Month,Age 19-30,2015,4.9,.
Snus,12 Month,Age 19-30,2016,4.3,.
Snus,12 Month,Age 19-30,2017,4.2,.
Snus,12 Month,Age 19-30,2018,3.6,.
Snus,12 Month,Age 19-30,2019,3.6,.
Snus,12 Month,Age 19-30,2020,4.7,.
Snus,12 Month,Age 19-30,2021,3,.
Snus,12 Month,Age 19-30,2022,2.8,.
Snus,12 Month,Age 19-30,2023,1.8,.
Tranquilizers,12 Month,Age 19-30,1988,4.2,.
Tranquilizers,12 Month,Age 19-30,1989,3.8,.
Tranquilizers,12 Month,Age 19-30,1990,3.8,.
Tranquilizers,12 Month,Age 19-30,1991,3.6,.
Tranquilizers,12 Month,Age 19-30,1992,3.5,.
Tranquilizers,12 Month,Age 19-30,1993,3,.
Tranquilizers,12 Month,Age 19-30,1994,3,.
Tranquilizers,12 Month,Age 19-30,1995,3.4,.
Tranquilizers,12 Month,Age 19-30,1996,3.2,.
Tranquilizers,12 Month,Age 19-30,1997,3.1,.
Tranquilizers,12 Month,Age 19-30,1998,3.6,.
Tranquilizers,12 Month,Age 19-30,1999,3.3,.
Tranquilizers,12 Month,Age 19-30,2000,4.2,.
Tranquilizers,12 Month,Age 19-30,2001,5.2,.
Tranquilizers,12 Month,Age 19-30,2002,6.7,.
Tranquilizers,12 Month,Age 19-30,2003,6.1,.
Tranquilizers,12 Month,Age 19-30,2004,6.7,.
Tranquilizers,12 Month,Age 19-30,2005,6.7,.
Tranquilizers,12 Month,Age 19-30,2006,6.4,.
Tranquilizers,12 Month,Age 19-30,2007,6.9,.
Tranquilizers,12 Month,Age 19-30,2008,6.8,.
Tranquilizers,12 Month,Age 19-30,2009,6.6,.
Tranquilizers,12 Month,Age 19-30,2010,6.2,.
Tranquilizers,12 Month,Age 19-30,2011,6.1,.
Tranquilizers,12 Month,Age 19-30,2012,5.5,.
Tranquilizers,12 Month,Age 19-30,2013,5.6,.
Tranquilizers,12 Month,Age 19-30,2014,5.3,.
Tranquilizers,12 Month,Age 19-30,2015,5.3,.
Tranquilizers,12 Month,Age 19-30,2016,5.4,.
Tranquilizers,12 Month,Age 19-30,2017,4.9,.
Tranquilizers,12 Month,Age 19-30,2018,4.4,.
Tranquilizers,12 Month,Age 19-30,2019,3.7,.
Tranquilizers,12 Month,Age 19-30,2020,3.1,.
Tranquilizers,12 Month,Age 19-30,2021,3.2,.
Tranquilizers,12 Month,Age 19-30,2022,2.2,.
Tranquilizers,12 Month,Age 19-30,2023,2.1,.
Tranquilizers,12 Month,Age 35-50,2008,4.1,.
Tranquilizers,12 Month,Age 35-50,2009,3.8,.
Tranquilizers,12 Month,Age 35-50,2010,4,.
Tranquilizers,12 Month,Age 35-50,2011,4,.
Tranquilizers,12 Month,Age 35-50,2012,3.8,.
Tranquilizers,12 Month,Age 35-50,2013,4,.
Tranquilizers,12 Month,Age 35-50,2014,4.3,.
Tranquilizers,12 Month,Age 35-50,2015,4,.
Tranquilizers,12 Month,Age 35-50,2016,3.7,.
Tranquilizers,12 Month,Age 35-50,2017,3.9,.
Tranquilizers,12 Month,Age 35-50,2018,4,.
Tranquilizers,12 Month,Age 35-50,2019,3.8,.
Tranquilizers,12 Month,Age 35-50,2020,3.3,.
Tranquilizers,12 Month,Age 35-50,2021,4,.
Tranquilizers,12 Month,Age 35-50,2022,3.6,.
Tranquilizers,12 Month,Age 35-50,2023,3.4,.
Tranquilizers,12 Month,Age 55-65,2023,2.6,.
Vaping Cannabis,30 Day,Age 19-30,2017,5.9,.
Vaping Cannabis,30 Day,Age 19-30,2018,9.2,.
Vaping Cannabis,30 Day,Age 19-30,2019,10.9,.
Vaping Cannabis,30 Day,Age 19-30,2020,10.6,.
Vaping Cannabis,30 Day,Age 19-30,2021,13.3,.
Vaping Cannabis,30 Day,Age 19-30,2022,13.9,.
Vaping Cannabis,30 Day,Age 19-30,2023,14.4,.
Vaping Cannabis,30 Day,Age 35-50,2019,6,.
Vaping Cannabis,30 Day,Age 35-50,2020,4.8,.
Vaping Cannabis,30 Day,Age 35-50,2021,5.4,.
Vaping Cannabis,30 Day,Age 35-50,2022,6.3,.
Vaping Cannabis,30 Day,Age 35-50,2023,6.3,.
Vaping Cannabis,30 Day,Age 55-65,2023,2.3,.
Vaping Cannabis,12 Month,Age 19-30,2017,11.5,.
Vaping Cannabis,12 Month,Age 19-30,2018,15.7,.
Vaping Cannabis,12 Month,Age 19-30,2019,18.1,.
Vaping Cannabis,12 Month,Age 19-30,2020,19,.
Vaping Cannabis,12 Month,Age 19-30,2021,19,.
Vaping Cannabis,12 Month,Age 19-30,2022,21.3,.
Vaping Cannabis,12 Month,Age 19-30,2023,22.2,.
Vaping Cannabis,12 Month,Age 35-50,2019,8.2,.
Vaping Cannabis,12 Month,Age 35-50,2020,8.1,.
Vaping Cannabis,12 Month,Age 35-50,2021,7.5,.
Vaping Cannabis,12 Month,Age 35-50,2022,9,.
Vaping Cannabis,12 Month,Age 35-50,2023,8.7,.
Vaping Cannabis,12 Month,Age 55-65,2023,3.5,.
Vaping Nicotine,30 Day,Age 19-30,2017,6.1,.
Vaping Nicotine,30 Day,Age 19-30,2018,10.2,.
Vaping Nicotine,30 Day,Age 19-30,2019,10.7,.
Vaping Nicotine,30 Day,Age 19-30,2020,13.2,.
Vaping Nicotine,30 Day,Age 19-30,2021,16.9,.
Vaping Nicotine,30 Day,Age 19-30,2022,17.2,.
Vaping Nicotine,30 Day,Age 19-30,2023,18.7,.
Vaping Nicotine,30 Day,Age 35-50,2019,4.1,.
Vaping Nicotine,30 Day,Age 35-50,2020,2.8,.
Vaping Nicotine,30 Day,Age 35-50,2021,5.1,.
Vaping Nicotine,30 Day,Age 35-50,2022,5.2,.
Vaping Nicotine,30 Day,Age 35-50,2023,5.4,.
Vaping Nicotine,30 Day,Age 55-65,2023,2.1,.
Vaping Nicotine,12 Month,Age 19-30,2017,13.7,.
Vaping Nicotine,12 Month,Age 19-30,2018,16.5,.
Vaping Nicotine,12 Month,Age 19-30,2019,19.1,.
Vaping Nicotine,12 Month,Age 19-30,2020,20.8,.
Vaping Nicotine,12 Month,Age 19-30,2021,22.3,.
Vaping Nicotine,12 Month,Age 19-30,2022,23.7,.
Vaping Nicotine,12 Month,Age 19-30,2023,25.3,.
Vaping Nicotine,12 Month,Age 35-50,2019,7,.
Vaping Nicotine,12 Month,Age 35-50,2020,5.8,.
Vaping Nicotine,12 Month,Age 35-50,2021,6.4,.
Vaping Nicotine,12 Month,Age 35-50,2022,6.7,.
Vaping Nicotine,12 Month,Age 35-50,2023,7,.
Vaping Nicotine,12 Month,Age 55-65,2023,2.6,.
Vicodin,12 Month,Age 19-30,2002,7.3,.
Vicodin,12 Month,Age 19-30,2003,7.8,.
Vicodin,12 Month,Age 19-30,2004,8.6,.
Vicodin,12 Month,Age 19-30,2005,9.1,.
Vicodin,12 Month,Age 19-30,2006,8.8,.
Vicodin,12 Month,Age 19-30,2007,9.1,.
Vicodin,12 Month,Age 19-30,2008,8.9,.
Vicodin,12 Month,Age 19-30,2009,10.2,.
Vicodin,12 Month,Age 19-30,2010,8.6,.
Vicodin,12 Month,Age 19-30,2011,7.1,.
Vicodin,12 Month,Age 19-30,2012,6.8,.
Vicodin,12 Month,Age 19-30,2013,6.3,.
Vicodin,12 Month,Age 19-30,2014,6.1,.
Vicodin,12 Month,Age 19-30,2015,4,.
Vicodin,12 Month,Age 19-30,2016,3,.
Vicodin,12 Month,Age 19-30,2017,2.8,.
Vicodin,12 Month,Age 19-30,2018,2.8,.
Vicodin,12 Month,Age 19-30,2019,1.9,.
Vicodin,12 Month,Age 19-30,2020,1.7,.
Vicodin,12 Month,Age 19-30,2021,1.3,.
Vicodin,12 Month,Age 19-30,2022,1.7,.
Vicodin,12 Month,Age 19-30,2023,0.7,.
