drug,time,grade,_1975,_1976,_1977,_1978,_1979,_1980,_1981,_1982,_1983,_1984,_1985,_1986,_1987,_1988,_1989,_1990,_1991,_1992,_1993,_1994,_1995,_1996,_1997,_1998,_1999,_2000,_2001,_2002,_2003,_2004,_2005,_2006,_2007,_2008,_2009,_2010,_2011,_2012,_2013,_2014,_2015,_2016,_2017,_2018,_2019,_2020,_2021,_2022,_2023,_2024,_1_Year_Chg,Sig,changeEstimate,plotSig
Any Illicit Drug,Lifetime,8th Grade,.,.,.,.,.,.,.,.,.,.,.,.,.,.,.,.,18.7,20.6,22.5,25.7,28.5,31.2,29.4,29,28.3,26.8,26.8,24.5,22.8,21.5,21.4,20.9,19,19.6,19.9,21.4,20.1,18.5,21.1,20.3,20.5,17.2,18.2,18.7,20.4,21.3,15.9,16.6,16.2,15.1,-1.1,.,-1.1,
Any Illicit Drug,Lifetime,10th Grade,.,.,.,.,.,.,.,.,.,.,.,.,.,.,.,.,30.6,29.8,32.8,37.4,40.9,45.4,47.3,44.9,46.2,45.6,45.6,44.6,41.4,39.8,38.2,36.1,35.6,34.1,36,37,37.7,36.8,39.1,37.4,34.7,33.7,34.3,36.3,37.5,37.3,25,27.7,26.6,23.7,-2.9,s,-2.9*,*
Any Illicit Drug,Lifetime,12th Grade,55.2,58.3,61.6,64.1,65.1,65.4,65.6,64.4,62.9,61.6,60.6,57.6,56.6,53.9,50.9,47.9,44.1,40.7,42.9,45.6,48.4,50.8,54.3,54.1,54.7,54,53.9,53,51.1,51.1,50.4,48.2,46.8,47.4,46.7,48.2,49.9,49.1,49.8,49.1,48.9,48.3,48.9,47.8,47.4,46.6,41.3,41,39.9,36.8,-3.1,.,-3.1,
Any Illicit Drug,12 Month,8th Grade,.,.,.,.,.,.,.,.,.,.,.,.,.,.,.,.,11.3,12.9,15.1,18.5,21.4,23.6,22.1,21,20.5,19.5,19.5,17.7,16.1,15.2,15.5,14.8,13.2,14.1,14.5,16,14.7,13.4,15.2,14.6,14.8,12,12.9,13.4,14.8,15.6,10.2,11,10.9,9,-2,.,-2,
Any Illicit Drug,12 Month,10th Grade,.,.,.,.,.,.,.,.,.,.,.,.,.,.,.,.,21.4,20.4,24.7,30,33.3,37.5,38.5,35,35.9,36.4,37.2,34.8,32,31.1,29.8,28.7,28.1,26.9,29.4,30.2,31.1,30.1,32.1,29.9,27.9,26.8,27.8,29.9,31,30.4,18.7,21.5,19.8,16.9,-2.9,s,-2.9*,*
Any Illicit Drug,12 Month,12th Grade,45,48.1,51.1,53.8,54.2,53.1,52.1,49.4,47.4,45.8,46.3,44.3,41.7,38.5,35.4,32.5,29.4,27.1,31,35.8,39,40.2,42.4,41.4,42.1,40.9,41.4,41,39.3,38.8,38.4,36.5,35.9,36.6,36.5,38.3,40,39.7,40.1,38.7,38.6,38.3,39.9,38.8,38,36.8,32,32.6,31.2,26.2,-5,ss,-5**,**
Any Illicit Drug,30 Day,8th Grade,.,.,.,.,.,.,.,.,.,.,.,.,.,.,.,.,5.7,6.8,8.4,10.9,12.4,14.6,12.9,12.1,12.2,11.9,11.7,10.4,9.7,8.4,8.5,8.1,7.4,7.6,8.1,9.5,8.5,7.7,8.7,8.3,8.1,6.9,7,7.3,8.5,8.7,5.9,6.5,6.5,5.4,-1.2,.,-1.2,
Any Illicit Drug,30 Day,10th Grade,.,.,.,.,.,.,.,.,.,.,.,.,.,.,.,.,11.6,11,14,18.5,20.2,23.2,23,21.5,22.1,22.5,22.7,20.8,19.5,18.3,17.3,16.8,16.9,15.8,17.8,18.5,19.2,18.6,19.2,18.5,16.5,15.9,17.2,18.3,19.8,18.2,10.9,12.9,11.3,10,-1.4,.,-1.4,
Any Illicit Drug,30 Day,12th Grade,30.7,34.2,37.6,38.9,38.9,37.2,36.9,32.5,30.5,29.2,29.7,27.1,24.7,21.3,19.7,17.2,16.4,14.4,18.3,21.9,23.8,24.6,26.2,25.6,25.9,24.9,25.7,25.4,24.1,23.4,23.1,21.5,21.9,22.3,23.3,23.8,25.2,25.2,25.2,23.7,23.6,24.4,24.9,24,23.7,22.2,20.6,21.6,19.8,16.5,-3.3,ss,-3.3**,**
Any Illicit Drug other than Marijuana,Lifetime,8th Grade,.,.,.,.,.,.,.,.,.,.,.,.,.,.,.,.,14.3,15.6,16.8,17.5,18.8,19.2,17.7,16.9,16.3,15.8&ddagger;,17,13.7,13.6,12.2,12.1,12.2,11.1,11.2,10.4,10.6,9.8,8.7&ddagger;,10.4,10,10.3,8.9,9.3,9.8,10.8,12.5,8.8,9.3,8.2,7.7,-0.5,.,-0.5,
Any Illicit Drug other than Marijuana,Lifetime,10th Grade,.,.,.,.,.,.,.,.,.,.,.,.,.,.,.,.,19.1,19.2,20.9,21.7,24.3,25.5,25,23.6,24,23.1&ddagger;,23.6,22.1,19.7,18.8,18,17.5,18.2,15.9,16.7,16.8,15.6,14.9&ddagger;,16.4,15.9,14.6,14,13.7,14.2,13.8,13.2,9.1,9.7,9.4,7.8,-1.6,ss,-1.6**,**
Any Illicit Drug other than Marijuana,Lifetime,12th Grade,36.2,35.4,35.8,36.5,37.4,38.7,42.8,41.1,40.4,40.3,39.7,37.7,35.8,32.5,31.4,29.4,26.9,25.1,26.7,27.6,28.1,28.5,30,29.4,29.4,29&ddagger;,30.7,29.5,27.7,28.7,27.4,26.9,25.5,24.9,24,24.7,24.9,24.1&ddagger;,24.8,22.6,21.1,20.7,19.5,18.9,18.4,17.5,12.8,13.2,12.4,12,-0.4,.,-0.4,
Any Illicit Drug other than Marijuana,12 Month,8th Grade,.,.,.,.,.,.,.,.,.,.,.,.,.,.,.,.,8.4,9.3,10.4,11.3,12.6,13.1,11.8,11,10.5,10.2&ddagger;,10.8,8.8,8.8,7.9,8.1,7.7,7,7.4,7,7.1,6.4,5.5&ddagger;,6.3,6.4,6.3,5.4,5.8,6.1,6.5,7.7,4.6,4.9,4.6,3.4,-1.2,s,-1.2*,*
Any Illicit Drug other than Marijuana,12 Month,10th Grade,.,.,.,.,.,.,.,.,.,.,.,.,.,.,.,.,12.2,12.3,13.9,15.2,17.5,18.4,18.2,16.6,16.7,16.7&ddagger;,17.9,15.7,13.8,13.5,12.9,12.7,13.1,11.3,12.2,12.1,11.2,10.8&ddagger;,11.2,11.2,10.5,9.8,9.4,9.6,9.1,8.6,5.1,5.7,5.1,4.4,-0.7,.,-0.7,
Any Illicit Drug other than Marijuana,12 Month,12th Grade,26.2,25.4,26,27.1,28.2,30.4,34,30.1,28.4,28,27.4,25.9,24.1,21.1,20,17.9,16.2,14.9,17.1,18,19.4,19.8,20.7,20.2,20.7,20.4&ddagger;,21.6,20.9,19.8,20.5,19.7,19.2,18.5,18.3,17,17.3,17.6,17&ddagger;,17.8,15.9,15.2,14.3,13.3,12.4,11.5,11.4,7.2,8,7.4,6.5,-0.9,.,-0.9,
Any Illicit Drug other than Marijuana,30 Day,8th Grade,.,.,.,.,.,.,.,.,.,.,.,.,.,.,.,.,3.8,4.7,5.3,5.6,6.5,6.9,6,5.5,5.5,5.6&ddagger;,5.5,4.7,4.7,4.1,4.1,3.8,3.6,3.8,3.5,3.5,3.4,2.6&ddagger;,3.6,3.3,3.1,2.7,2.7,3,3.4,3.5,2.4,2.5,2.6,1.9,-0.7,s,-0.7*,*
Any Illicit Drug other than Marijuana,30 Day,10th Grade,.,.,.,.,.,.,.,.,.,.,.,.,.,.,.,.,5.5,5.7,6.5,7.1,8.9,8.9,8.8,8.6,8.6,8.5&ddagger;,8.7,8.1,6.9,6.9,6.4,6.3,6.9,5.3,5.7,5.8,5.4,5&ddagger;,4.9,5.6,4.9,4.4,4.5,4.2,4.2,3.7,2.5,2.4,2.3,2.1,-0.2,.,-0.2,
Any Illicit Drug other than Marijuana,30 Day,12th Grade,15.4,13.9,15.2,15.1,16.8,18.4,21.7,17,15.4,15.1,14.9,13.2,11.6,10,9.1,8,7.1,6.3,7.9,8.8,10,9.5,10.7,10.7,10.4,10.4&ddagger;,11,11.3,10.4,10.8,10.3,9.8,9.5,9.3,8.6,8.6,8.9,8.4&ddagger;,8.2,7.7,7.6,6.9,6.3,6,5.2,4.8,2.9,3.6,3.4,3.3,-0.2,.,-0.2,
Any Illicit Drug including Inhalants,Lifetime,8th Grade,.,.,.,.,.,.,.,.,.,.,.,.,.,.,.,.,28.5,29.6,32.3,35.1,38.1,39.4,38.1,37.8,37.2,35.1,34.5,31.6,30.3,30.2,30,29.2,27.7,28.3,27.9,28.6,26.4,25.1&ddagger;,25.9,25.2,24.9,20.6,23.3,23.2,25.4,28.4,22.4,22.2,21.5,21.8,0.3,.,0.3,
Any Illicit Drug including Inhalants,Lifetime,10th Grade,.,.,.,.,.,.,.,.,.,.,.,.,.,.,.,.,36.1,36.2,38.7,42.7,45.9,49.8,50.9,49.3,49.9,49.3,48.8,47.7,44.9,43.1,42.1,40.1,39.8,38.7,40,40.6,40.8,40&ddagger;,41.6,40.4,37.2,35.9,37,38.7,39.8,39.7,28.5,31.1,29.3,26.7,-2.6,.,-2.6,
Any Illicit Drug including Inhalants,Lifetime,12th Grade,.,.,.,.,.,.,.,.,.,.,.,.,.,.,.,.,47.6,44.4,46.6,49.1,51.5,53.5,56.3,56.1,56.3,57,56,54.6,52.8,53,53.5,51.2,49.1,49.3,48.4,49.9,51.8,50.3&ddagger;,52.3,49.9,51.4,49.3,50.3,49,49.1,47.6,43.3,44,42.3,39,-3.3,.,-3.3,
Any Illicit Drug including Inhalants,12 Month,8th Grade,.,.,.,.,.,.,.,.,.,.,.,.,.,.,.,.,16.7,18.2,21.1,24.2,27.1,28.7,27.2,26.2,25.3,24,23.9,21.4,20.4,20.2,20.4,19.7,18,19,18.8,20.3,18.2,17&ddagger;,17.6,16.8,17,13.5,15.8,16,17.5,18.5,12.6,13.1,13.5,11.8,-1.6,.,-1.6,
Any Illicit Drug including Inhalants,12 Month,10th Grade,.,.,.,.,.,.,.,.,.,.,.,.,.,.,.,.,23.9,23.5,27.4,32.5,35.6,39.6,40.3,37.1,37.7,38,38.7,36.1,33.5,32.9,31.7,30.7,30.2,28.8,31.2,31.8,32.5,31.5&ddagger;,33.2,31,28.9,27.7,29.1,31,31.7,31.3,19.6,22.7,20.7,18.2,-2.5,.,-2.5,
Any Illicit Drug including Inhalants,12 Month,12th Grade,.,.,.,.,.,.,.,.,.,.,.,.,.,.,.,.,31.2,28.8,32.5,37.6,40.2,41.9,43.3,42.4,42.8,42.5,42.6,42.1,40.5,39.1,40.3,38,37,37.3,37.6,39.2,41.5,40.2&ddagger;,42.3,39.2,40.2,38.7,41.2,40.2,38.8,38.7,33.2,34.3,32.6,26.5,-6.1,sss,-6.1***,***
Any Illicit Drug including Inhalants,30 Day,8th Grade,.,.,.,.,.,.,.,.,.,.,.,.,.,.,.,.,8.8,10,12,14.3,16.1,17.5,16,14.9,15.1,14.4,14,12.6,12.1,11.2,11.2,10.9,10.1,10.4,10.6,11.7,10.5,9.5&ddagger;,10,9.5,9.3,7.9,8.6,8.3,9.7,10.2,6.9,7.7,8.3,7,-1.3,.,-1.3,
Any Illicit Drug including Inhalants,30 Day,10th Grade,.,.,.,.,.,.,.,.,.,.,.,.,.,.,.,.,13.1,12.6,15.5,20,21.6,24.5,24.1,22.5,23.1,23.6,23.6,21.7,20.5,19.3,18.4,17.7,18.1,16.8,18.8,19.4,20.1,19.3&ddagger;,20,19.1,17.1,16.4,18,18.7,20.4,18.7,11.4,13.7,11.8,10.7,-1,.,-1,
Any Illicit Drug including Inhalants,30 Day,12th Grade,.,.,.,.,.,.,.,.,.,.,.,.,.,.,.,.,17.8,15.5,19.3,23,24.8,25.5,26.9,26.6,26.4,26.4,26.5,25.9,24.6,23.3,24.2,22.1,22.8,22.8,24.1,24.5,26.2,25.2&ddagger;,26.5,24.3,24.7,24.6,25.7,25,24.1,23.8,21,22.6,20.7,16.2,-4.5,ss,-4.5**,**
Abstainers,Lifetime,8th Grade,.,.,.,.,.,.,.,.,.,.,.,.,.,.,.,.,.,.,.,.,.,.,.,.,.,.,.,.,.,.,.,.,.,.,.,.,.,.,.,.,.,.,67.9,64.9,63.1,63.9,69.9,67.1,70,72.4,2.4,.,2.4,
Abstainers,Lifetime,10th Grade,.,.,.,.,.,.,.,.,.,.,.,.,.,.,.,.,.,.,.,.,.,.,.,.,.,.,.,.,.,.,.,.,.,.,.,.,.,.,.,.,.,.,44.6,42.7,41.7,40.3,55.8,48.8,54.4,57.7,3.3,.,3.3,
Abstainers,Lifetime,12th Grade,.,.,.,.,.,.,.,.,.,.,.,.,.,.,.,.,.,.,.,.,.,.,.,.,.,.,.,.,.,.,.,.,.,.,.,.,.,.,.,.,.,.,26.5,26.4,29.7,29.4,35.3,31,37.5,42.1,4.6,sss,4.6***,***
Abstainers,12 Month,8th Grade,.,.,.,.,.,.,.,.,.,.,.,.,.,.,.,.,.,.,.,.,.,.,.,.,.,.,.,.,.,.,.,.,.,.,.,.,.,.,.,.,.,.,.,.,.,.,.,.,.,81,.,.,0,
Abstainers,12 Month,10th Grade,.,.,.,.,.,.,.,.,.,.,.,.,.,.,.,.,.,.,.,.,.,.,.,.,.,.,.,.,.,.,.,.,.,.,.,.,.,.,.,.,.,.,.,.,.,.,.,.,.,66,.,.,0,
Abstainers,12 Month,12th Grade,.,.,.,.,.,.,.,.,.,.,.,.,.,.,.,.,.,.,.,.,.,.,.,.,.,.,.,.,.,.,.,.,.,.,.,.,.,.,.,.,.,.,.,.,.,.,.,.,.,50.6,.,.,0,
Abstainers,30 Day,8th Grade,.,.,.,.,.,.,.,.,.,.,.,.,.,.,.,.,.,.,.,.,.,.,.,.,.,.,.,.,.,.,.,.,.,.,.,.,.,.,.,.,.,.,87,84.2,82.2,82.7,86.9,87.1,87,89.5,2.5,.,2.5,
Abstainers,30 Day,10th Grade,.,.,.,.,.,.,.,.,.,.,.,.,.,.,.,.,.,.,.,.,.,.,.,.,.,.,.,.,.,.,.,.,.,.,.,.,.,.,.,.,.,.,68.9,65.2,64.8,65.4,77.4,75.2,76.9,80.2,3.3,ss,3.3**,**
Abstainers,30 Day,12th Grade,.,.,.,.,.,.,.,.,.,.,.,.,.,.,.,.,.,.,.,.,.,.,.,.,.,.,.,.,.,.,.,.,.,.,.,.,.,.,.,.,.,.,52.6,51.8,53.8,53.1,60.1,58.3,62.6,67.1,4.5,ss,4.5**,**
Marijuana (Cannabis),Lifetime,8th Grade,.,.,.,.,.,.,.,.,.,.,.,.,.,.,.,.,10.2,11.2,12.6,16.7,19.9,23.1,22.6,22.2,22,20.3,20.4,19.2,17.5,16.3,16.5,15.7,14.2,14.6,15.7,17.3,16.4,15.2,16.5,15.6,15.5,12.8,13.5,13.9,15.2,14.8,10.2,11,11.5,10.6,-0.9,.,-0.9,
Marijuana (Cannabis),Lifetime,10th Grade,.,.,.,.,.,.,.,.,.,.,.,.,.,.,.,.,23.4,21.4,24.4,30.4,34.1,39.8,42.3,39.6,40.9,40.3,40.1,38.7,36.4,35.1,34.1,31.8,31,29.9,32.3,33.4,34.5,33.8,35.8,33.7,31.1,29.7,30.7,32.6,34,33.3,22,24.2,22.5,21.2,-1.3,.,-1.3,
Marijuana (Cannabis),Lifetime,12th Grade,47.3,52.8,56.4,59.2,60.4,60.3,59.5,58.7,57,54.9,54.2,50.9,50.2,47.2,43.7,40.7,36.7,32.6,35.3,38.2,41.7,44.9,49.6,49.1,49.7,48.8,49,47.8,46.1,45.7,44.8,42.3,41.8,42.6,42,43.8,45.5,45.2,45.5,44.4,44.7,44.5,45,43.6,43.7,43.7,38.6,38.3,36.5,34.4,-2,.,-2,
Marijuana (Cannabis),12 Month,8th Grade,.,.,.,.,.,.,.,.,.,.,.,.,.,.,.,.,6.2,7.2,9.2,13,15.8,18.3,17.7,16.9,16.5,15.6,15.4,14.6,12.8,11.8,12.2,11.7,10.3,10.9,11.8,13.7,12.5,11.4,12.7,11.7,11.8,9.4,10.1,10.5,11.8,11.4,7.1,8.3,8.3,7.2,-1.2,.,-1.2,
Marijuana (Cannabis),12 Month,10th Grade,.,.,.,.,.,.,.,.,.,.,.,.,.,.,.,.,16.5,15.2,19.2,25.2,28.7,33.6,34.8,31.1,32.1,32.2,32.7,30.3,28.2,27.5,26.6,25.2,24.6,23.9,26.7,27.5,28.8,28,29.8,27.3,25.4,23.9,25.5,27.5,28.8,28,17.3,19.5,17.8,15.9,-1.9,.,-1.9,
Marijuana (Cannabis),12 Month,12th Grade,40,44.5,47.6,50.2,50.8,48.8,46.1,44.3,42.3,40,40.6,38.8,36.3,33.1,29.6,27,23.9,21.9,26,30.7,34.7,35.8,38.5,37.5,37.8,36.5,37,36.2,34.9,34.3,33.6,31.5,31.7,32.4,32.8,34.8,36.4,36.4,36.4,35.1,34.9,35.6,37.1,35.9,35.7,35.2,30.5,30.7,29,25.8,-3.3,s,-3.3*,*
Marijuana (Cannabis),30 Day,8th Grade,.,.,.,.,.,.,.,.,.,.,.,.,.,.,.,.,3.2,3.7,5.1,7.8,9.1,11.3,10.2,9.7,9.7,9.1,9.2,8.3,7.5,6.4,6.6,6.5,5.7,5.8,6.5,8,7.2,6.5,7,6.5,6.5,5.4,5.5,5.6,6.6,6.5,4.1,5,4.7,4.3,-0.4,.,-0.4,
Marijuana (Cannabis),30 Day,10th Grade,.,.,.,.,.,.,.,.,.,.,.,.,.,.,.,.,8.7,8.1,10.9,15.8,17.2,20.4,20.5,18.7,19.4,19.7,19.8,17.8,17,15.9,15.2,14.2,14.2,13.8,15.9,16.7,17.6,17,18,16.6,14.8,14,15.7,16.7,18.4,16.6,10.1,12.1,10.3,9.5,-0.8,.,-0.8,
Marijuana (Cannabis),30 Day,12th Grade,27.1,32.2,35.4,37.1,36.5,33.7,31.6,28.5,27,25.2,25.7,23.4,21,18,16.7,14,13.8,11.9,15.5,19,21.2,21.9,23.7,22.8,23.1,21.6,22.4,21.5,21.2,19.9,19.8,18.3,18.8,19.4,20.6,21.4,22.6,22.9,22.7,21.2,21.3,22.5,22.9,22.2,22.3,21.1,19.5,20.2,18.4,16.2,-2.1,.,-2.1,
Marijuana (Cannabis),Daily,8th Grade,.,.,.,.,.,.,.,.,.,.,.,.,.,.,.,.,0.2,0.2,0.4,0.7,0.8,1.5,1.1,1.1,1.4,1.3,1.3,1.2,1,0.8,1,1,0.8,0.9,1,1.2,1.3,1.1,1.1,1,1.1,0.7,0.8,0.7,1.3,1.1,0.6,0.7,0.9,0.7,-0.2,.,-0.2,
Marijuana (Cannabis),Daily,10th Grade,.,.,.,.,.,.,.,.,.,.,.,.,.,.,.,.,0.8,0.8,1,2.2,2.8,3.5,3.7,3.6,3.8,3.8,4.5,3.9,3.6,3.2,3.1,2.8,2.8,2.7,2.8,3.3,3.6,3.5,4,3.4,3,2.5,2.9,3.4,4.8,4.4,3.2,2.1,2.7,2.7,0,.,0,
Marijuana (Cannabis),Daily,12th Grade,6,8.2,9.1,10.7,10.3,9.1,7,6.3,5.5,5,4.9,4,3.3,2.7,2.9,2.2,2,1.9,2.4,3.6,4.6,4.9,5.8,5.6,6,6,5.8,6,6,5.6,5,5,5.1,5.4,5.2,6.1,6.6,6.5,6.5,5.8,6,6,5.9,5.8,6.4,6.9,5.8,6.3,6.5,5.1,-1.4,.,-1.4,
Marijuana (Cannabis),Ever Used Daily for a Month or More,12th Grade,.,.,.,.,.,.,.,20.5,16.8,16.3,15.6,14.9,14.7,12.8,11.5,10,9,8.4,9.6,11.3,12.1,15.7,18.8,18,17.9,17,18,15.5,16.4,17.8,14.5,16.6,15.7,15.06,14.89,15.5,17.37,18.2,15.8,13.7,12.4,14.3,13.9,12.3,14.9,&sect;,12.4,13.6,11.6,13.4,1.7,.,1.7,
Medical Marijuana (Cannabis),Lifetime,8th Grade,.,.,.,.,.,.,.,.,.,.,.,.,.,.,.,.,.,.,.,.,.,.,.,.,.,.,.,.,.,.,.,.,.,.,.,.,.,.,.,.,.,.,1.1,1.1,1.3,1,1.3,1.7,1.4,1.4,0,.,0,
Medical Marijuana (Cannabis),Lifetime,10th Grade,.,.,.,.,.,.,.,.,.,.,.,.,.,.,.,.,.,.,.,.,.,.,.,.,.,.,.,.,.,.,.,.,.,.,.,.,.,.,.,.,.,.,1.1,1.3,2,2,1.4,1.6,2.4,2,-0.4,.,-0.4,
Medical Marijuana (Cannabis),Lifetime,12th Grade,.,.,.,.,.,.,.,.,.,.,.,.,.,.,.,.,.,.,.,.,.,.,.,.,.,.,.,.,.,.,.,.,.,.,.,.,.,.,.,.,.,.,1.5,1.2,2,&sect;,2.3,3.6,2.9,2.1,-0.8,.,-0.8,
Delta-8,12 Month,8th Grade,.,.,.,.,.,.,.,.,.,.,.,.,.,.,.,.,.,.,.,.,.,.,.,.,.,.,.,.,.,.,.,.,.,.,.,.,.,.,.,.,.,.,.,.,.,.,.,.,.,2.9,.,.,0,
Delta-8,12 Month,10th Grade,.,.,.,.,.,.,.,.,.,.,.,.,.,.,.,.,.,.,.,.,.,.,.,.,.,.,.,.,.,.,.,.,.,.,.,.,.,.,.,.,.,.,.,.,.,.,.,.,.,7.9,.,.,0,
Delta-8,12 Month,12th Grade,.,.,.,.,.,.,.,.,.,.,.,.,.,.,.,.,.,.,.,.,.,.,.,.,.,.,.,.,.,.,.,.,.,.,.,.,.,.,.,.,.,.,.,.,.,.,.,.,11.4,12.3,0.9,.,0.9,
Inhalants,Lifetime,8th Grade,.,.,.,.,.,.,.,.,.,.,.,.,.,.,.,.,17.6,17.4,19.4,19.9,21.6,21.2,21,20.5,19.7,17.9,17.1,15.2,15.8,17.3,17.1,16.1,15.6,15.7,14.9,14.5,13.1,11.8,10.8,10.8,9.4,7.7,8.9,8.7,9.5,12.6,11.3,9.8,9,10.2,1.2,.,1.2,
Inhalants,Lifetime,10th Grade,.,.,.,.,.,.,.,.,.,.,.,.,.,.,.,.,15.7,16.6,17.5,18,19,19.3,18.3,18.3,17,16.6,15.2,13.5,12.7,12.4,13.1,13.3,13.6,12.8,12.3,12,10.1,9.9,8.7,8.7,7.2,6.6,6.1,6.5,6.8,7.4,7.2,7.5,6.5,5.5,-1,.,-1,
Inhalants,Lifetime,12th Grade,.,10.3,11.1,12,12.7,11.9,12.3,12.8,13.6,14.4,15.4,15.9,17,16.7,17.6,18,17.6,16.6,17.4,17.7,17.4,16.6,16.1,15.2,15.4,14.2,13,11.7,11.2,10.9,11.4,11.1,10.5,9.9,9.5,9,8.1,7.9,6.9,6.5,5.7,5,4.9,4.4,5.3,3.8,5,5.8,6.3,5.3,-1,.,-1,
Inhalants,12 Month,8th Grade,.,.,.,.,.,.,.,.,.,.,.,.,.,.,.,.,9,9.5,11,11.7,12.8,12.2,11.8,11.1,10.3,9.4,9.1,7.7,8.7,9.6,9.5,9.1,8.3,8.9,8.1,8.1,7,6.2,5.2,5.3,4.6,3.8,4.7,4.6,4.7,6.1,4.8,3.6,4.3,4.4,0,.,0,
Inhalants,12 Month,10th Grade,.,.,.,.,.,.,.,.,.,.,.,.,.,.,.,.,7.1,7.5,8.4,9.1,9.6,9.5,8.7,8,7.2,7.3,6.6,5.8,5.4,5.9,6,6.5,6.6,5.9,6.1,5.7,4.5,4.1,3.5,3.3,2.9,2.4,2.3,2.4,2.8,2.9,2,2.4,2,1.9,-0.1,.,-0.1,
Inhalants,12 Month,12th Grade,.,3,3.7,4.1,5.4,4.6,4.1,4.5,4.3,5.1,5.7,6.1,6.9,6.5,5.9,6.9,6.6,6.2,7,7.7,8,7.6,6.7,6.2,5.6,5.9,4.5,4.5,3.9,4.2,5,4.5,3.7,3.8,3.4,3.6,3.2,2.9,2.5,1.9,1.9,1.7,1.5,1.6,1.9,1.1,1.8,1.8,2,1.9,-0.1,.,-0.1,
Inhalants,30 Day,8th Grade,.,.,.,.,.,.,.,.,.,.,.,.,.,.,.,.,4.4,4.7,5.4,5.6,6.1,5.8,5.6,4.8,5,4.5,4,3.8,4.1,4.5,4.2,4.1,3.9,4.1,3.8,3.6,3.2,2.7,2.3,2.2,2,1.8,2.1,1.8,2.1,2.9,1.8,1.9,2.6,2.1,-0.4,.,-0.4,
Inhalants,30 Day,10th Grade,.,.,.,.,.,.,.,.,.,.,.,.,.,.,.,.,2.7,2.7,3.3,3.6,3.5,3.3,3,2.9,2.6,2.6,2.4,2.4,2.2,2.4,2.2,2.3,2.5,2.1,2.2,2,1.7,1.4,1.3,1.1,1.2,1,1.1,1,1.1,1.2,0.9,1.2,0.9,0.9,0.1,.,0.1,
Inhalants,30 Day,12th Grade,.,0.9,1.3,1.5,1.7,1.4,1.5,1.5,1.7,1.9,2.2,2.5,2.8,2.6,2.3,2.7,2.4,2.3,2.5,2.7,3.2,2.5,2.5,2.3,2,2.2,1.7,1.5,1.5,1.5,2,1.5,1.2,1.4,1.2,1.4,1,0.9,1,0.7,0.7,0.8,0.8,0.7,0.9,0.7,0.7,0.7,1.2,1,-0.1,.,-0.1,
Hallucinogens,Lifetime,8th Grade,.,.,.,.,.,.,.,.,.,.,.,.,.,.,.,.,3.2,3.8,3.9,4.3,5.2,5.9,5.4,4.9,4.8,4.6&ddagger;,5.2,4.1,4,3.5,3.8,3.4,3.1,3.3,3,3.4,3.3,2.8,2.5,2,2,1.9,1.9,2.2,2.4,3,1.8,2,2.1,2.1,0.1,.,0.1,
Hallucinogens,Lifetime,10th Grade,.,.,.,.,.,.,.,.,.,.,.,.,.,.,.,.,6.1,6.4,6.8,8.1,9.3,10.5,10.5,9.8,9.7,8.9&ddagger;,8.9,7.8,6.9,6.4,5.8,6.1,6.4,5.5,6.1,6.1,6,5.2,5.4,5,4.6,4.4,4.2,3.9,4.7,4.8,3.5,3.4,3.6,3.5,-0.1,.,-0.1,
Hallucinogens,Lifetime,12th Grade,16.3,15.1,13.9,14.3,14.1,13.3,13.3,12.5,11.9,10.7,10.3,9.7,10.3,8.9,9.4,9.4,9.6,9.2,10.9,11.4,12.7,14,15.1,14.1,13.7,13&ddagger;,14.7,12,10.6,9.7,8.8,8.3,8.4,8.7,7.4,8.6,8.3,7.5,7.6,6.3,6.4,6.7,6.7,6.6,6.9,7.5,7.1,7.1,6.6,6.7,0.1,.,0.1,
Hallucinogens,12 Month,8th Grade,.,.,.,.,.,.,.,.,.,.,.,.,.,.,.,.,1.9,2.5,2.6,2.7,3.6,4.1,3.7,3.4,2.9,2.8&ddagger;,3.4,2.6,2.6,2.2,2.4,2.1,1.9,2.1,1.9,2.2,2.2,1.6,1.6,1.3,1.3,1.2,1.1,1.4,1.3,1.7,1,1.2,1.3,1.1,-0.2,.,-0.2,
Hallucinogens,12 Month,10th Grade,.,.,.,.,.,.,.,.,.,.,.,.,.,.,.,.,4,4.3,4.7,5.8,7.2,7.8,7.6,6.9,6.9,6.1&ddagger;,6.2,4.7,4.1,4.1,4,4.1,4.4,3.9,4.1,4.2,4.1,3.5,3.4,3.3,3.1,2.9,2.8,2.7,3.1,3.4,2.2,2.1,2.2,2.1,0,.,0,
Hallucinogens,12 Month,12th Grade,11.2,9.4,8.8,9.6,9.9,9.3,9,8.1,7.3,6.5,6.3,6,6.4,5.5,5.6,5.9,5.8,5.9,7.4,7.6,9.3,10.1,9.8,9,9.4,8.1&ddagger;,9.1,6.6,5.9,6.2,5.5,4.9,5.4,5.9,4.7,5.5,5.2,4.8,4.5,4,4.2,4.3,4.4,4.3,4.6,5.3,4.1,4.4,4.3,3.7,-0.6,.,-0.6,
Hallucinogens,30 Day,8th Grade,.,.,.,.,.,.,.,.,.,.,.,.,.,.,.,.,0.8,1.1,1.2,1.3,1.7,1.9,1.8,1.4,1.3,1.2&ddagger;,1.6,1.2,1.2,1,1.1,0.9,1,0.9,0.9,1,1,0.6,0.8,0.5,0.6,0.6,0.5,0.6,0.6,0.9,0.4,0.5,0.5,0.5,0,.,0,
Hallucinogens,30 Day,10th Grade,.,.,.,.,.,.,.,.,.,.,.,.,.,.,.,.,1.6,1.8,1.9,2.4,3.3,2.8,3.3,3.2,2.9,2.3&ddagger;,2.1,1.6,1.5,1.6,1.5,1.5,1.7,1.3,1.4,1.6,1.4,1.2,1.1,1.2,0.9,0.9,1.1,0.8,1.3,1.4,0.8,0.7,0.8,0.8,0,.,0,
Hallucinogens,30 Day,12th Grade,4.7,3.4,4.1,3.9,4,3.7,3.7,3.4,2.8,2.6,2.5,2.5,2.5,2.2,2.2,2.2,2.2,2.1,2.7,3.1,4.4,3.5,3.9,3.8,3.5,2.6&ddagger;,3.3,2.3,1.8,1.9,1.9,1.5,1.7,2.2,1.6,1.9,1.6,1.6,1.4,1.5,1.6,1.4,1.6,1.4,1.8,1.8,1,1.4,1.6,1.3,-0.3,.,-0.3,
LSD,Lifetime,8th Grade,.,.,.,.,.,.,.,.,.,.,.,.,.,.,.,.,2.7,3.2,3.5,3.7,4.4,5.1,4.7,4.1,4.1,3.9,3.4,2.5,2.1,1.8,1.9,1.6,1.6,1.9,1.7,1.8,1.7,1.3,1.4,1.1,1.3,1.2,1.3,1.4,1.6,2.1,1.2,1,1.1,0.8,-0.3,.,-0.3,
LSD,Lifetime,10th Grade,.,.,.,.,.,.,.,.,.,.,.,.,.,.,.,.,5.6,5.8,6.2,7.2,8.4,9.4,9.5,8.5,8.5,7.6,6.3,5,3.5,2.8,2.5,2.7,3,2.6,3,3,2.8,2.6,2.7,2.6,3,3.2,3,2.8,3.6,3.8,2.5,2.1,2.1,1.4,-0.7,ss,-0.7**,**
LSD,Lifetime,12th Grade,11.3,11,9.8,9.7,9.5,9.3,9.8,9.6,8.9,8,7.5,7.2,8.4,7.7,8.3,8.7,8.8,8.6,10.3,10.5,11.7,12.6,13.6,12.6,12.2,11.1,10.9,8.4,5.9,4.6,3.5,3.3,3.4,4,3.1,4,4,3.8,3.9,3.7,4.3,4.9,5,5.1,5.6,5.9,4.9,4.4,3.1,2.3,-0.8,.,-0.8,
LSD,12 Month,8th Grade,.,.,.,.,.,.,.,.,.,.,.,.,.,.,.,.,1.7,2.1,2.3,2.4,3.2,3.5,3.2,2.8,2.4,2.4,2.2,1.5,1.3,1.1,1.2,0.9,1.1,1.3,1.1,1.2,1.1,0.8,1,0.7,0.9,0.8,0.9,0.9,0.9,1.1,0.7,0.6,0.7,0.5,-0.2,.,-0.2,
LSD,12 Month,10th Grade,.,.,.,.,.,.,.,.,.,.,.,.,.,.,.,.,3.7,4,4.2,5.2,6.5,6.9,6.7,5.9,6,5.1,4.1,2.6,1.7,1.6,1.5,1.7,1.9,1.8,1.9,1.9,1.8,1.7,1.7,1.9,2,2.1,2.1,2,2.3,2.5,1.5,1.3,1.2,0.8,-0.4,s,-0.4*,*
LSD,12 Month,12th Grade,7.2,6.4,5.5,6.3,6.6,6.5,6.5,6.1,5.4,4.7,4.4,4.5,5.2,4.8,4.9,5.4,5.2,5.6,6.8,6.9,8.4,8.8,8.4,7.6,8.1,6.6,6.6,3.5,1.9,2.2,1.8,1.7,2.1,2.7,1.9,2.6,2.7,2.4,2.2,2.5,2.9,3,3.3,3.2,3.6,3.9,2.5,2.5,1.2,0.8,-0.4,.,-0.4,
LSD,30 Day,8th Grade,.,.,.,.,.,.,.,.,.,.,.,.,.,.,.,.,0.6,0.9,1,1.1,1.4,1.5,1.5,1.1,1.1,1,1,0.7,0.6,0.5,0.5,0.4,0.5,0.5,0.5,0.6,0.5,0.3,0.5,0.3,0.4,0.4,0.3,0.4,0.4,0.6,0.2,0.2,0.3,0.2,-0.1,.,-0.1,
LSD,30 Day,10th Grade,.,.,.,.,.,.,.,.,.,.,.,.,.,.,.,.,1.5,1.6,1.6,2,3,2.4,2.8,2.7,2.3,1.6,1.5,0.7,0.6,0.6,0.6,0.7,0.7,0.7,0.5,0.7,0.7,0.5,0.6,0.6,0.6,0.7,0.8,0.5,1.1,1,0.4,0.4,0.4,0.4,0,.,0,
LSD,30 Day,12th Grade,2.3,1.9,2.1,2.1,2.4,2.3,2.5,2.4,1.9,1.5,1.6,1.7,1.8,1.8,1.8,1.9,1.9,2,2.4,2.6,4,2.5,3.1,3.2,2.7,1.6,2.3,0.7,0.6,0.7,0.7,0.6,0.6,1.1,0.5,0.8,0.8,0.8,0.8,1,1.1,1,1.2,1,1.4,1.4,0.5,0.8,0.4,0.4,0,.,0,
Hallucinogens other than LSD,Lifetime,8th Grade,.,.,.,.,.,.,.,.,.,.,.,.,.,.,.,.,1.4,1.7,1.7,2.2,2.5,3,2.6,2.5,2.4,2.3&ddagger;,3.9,3.3,3.2,3,3.3,2.8,2.6,2.5,2.4,2.7,2.8,2.3,1.9,1.5,1.2,1.3,1.2,1.5,1.7,2,1.3,1.7,1.4,1.7,0.3,.,0.3,
Hallucinogens other than LSD,Lifetime,10th Grade,.,.,.,.,.,.,.,.,.,.,.,.,.,.,.,.,2.2,2.5,2.8,3.8,3.9,4.7,4.8,5,4.7,4.8&ddagger;,6.6,6.3,5.9,5.8,5.2,5.5,5.7,4.8,5.4,5.3,5.2,4.5,4.4,4.1,3.3,3.1,2.9,2.7,3.3,3.4,2.5,2.7,3,3.2,0.2,.,0.2,
Hallucinogens other than LSD,Lifetime,12th Grade,14.1,12.1,11.2,11.6,10.7,9.8,9.1,8,7.3,6.6,6.5,5.7,5.4,4.1,4.3,4.1,3.7,3.3,3.9,4.9,5.4,6.8,7.5,7.1,6.7,6.9&ddagger;,10.4,9.2,9,8.7,8.1,7.8,7.7,7.8,6.8,7.7,7.3,6.6,6.4,5.1,4.8,4.7,4.8,4.5,4.3,4.7,5.3,5.6,5.9,6.1,0.2,.,0.2,
Hallucinogens other than LSD,12 Month,8th Grade,.,.,.,.,.,.,.,.,.,.,.,.,.,.,.,.,0.7,1.1,1,1.3,1.7,2,1.8,1.6,1.5,1.4&ddagger;,2.4,2.1,2.1,1.9,2,1.8,1.6,1.6,1.5,1.8,1.8,1.3,1.2,1,0.8,0.8,0.7,0.9,0.9,1.1,0.8,1,0.9,0.8,-0.1,.,-0.1,
Hallucinogens other than LSD,12 Month,10th Grade,.,.,.,.,.,.,.,.,.,.,.,.,.,.,.,.,1.3,1.4,1.9,2.4,2.8,3.3,3.3,3.4,3.2,3.1&ddagger;,4.3,4,3.6,3.7,3.5,3.7,3.8,3.3,3.5,3.5,3.5,3,2.7,2.6,1.9,2,1.8,1.7,2.1,2.2,1.5,1.6,1.7,1.9,0.2,.,0.2,
Hallucinogens other than LSD,12 Month,12th Grade,9.4,7,6.9,7.3,6.8,6.2,5.6,4.7,4.1,3.8,3.6,3,3.2,2.1,2.2,2.1,2,1.7,2.2,3.1,3.8,4.4,4.6,4.6,4.3,4.4&ddagger;,5.9,5.4,5.4,5.6,5,4.6,4.8,5,4.2,4.8,4.3,4,3.7,3,2.9,2.7,2.9,2.7,2.7,2.8,2.9,3.4,4,3.6,-0.4,.,-0.4,
Hallucinogens other than LSD,30 Day,8th Grade,.,.,.,.,.,.,.,.,.,.,.,.,.,.,.,.,0.3,0.4,0.5,0.7,0.8,0.9,0.7,0.7,0.6,0.6&ddagger;,1.1,1,1,0.8,0.9,0.7,0.7,0.7,0.7,0.8,0.7,0.5,0.5,0.4,0.3,0.3,0.3,0.4,0.4,0.6,0.2,0.4,0.2,0.4,0.1,.,0.1,
Hallucinogens other than LSD,30 Day,10th Grade,.,.,.,.,.,.,.,.,.,.,.,.,.,.,.,.,0.4,0.5,0.7,1,1,1,1.2,1.4,1.2,1.2&ddagger;,1.4,1.4,1.2,1.4,1.3,1.3,1.4,1,1.1,1.2,1.1,0.9,0.8,0.8,0.6,0.5,0.6,0.5,0.8,0.9,0.6,0.5,0.7,0.7,0,.,0,
Hallucinogens other than LSD,30 Day,12th Grade,3.7,2.3,3,2.7,2.4,2.3,2.1,1.7,1.5,1.6,1.3,1.3,1.1,0.7,0.8,0.8,0.7,0.5,0.8,1.2,1.3,1.6,1.7,1.6,1.6,1.7&ddagger;,1.9,2,1.5,1.7,1.6,1.3,1.4,1.6,1.4,1.5,1.2,1.3,1,1,0.9,0.7,1,0.9,1,0.7,0.8,1.1,1.5,1.1,-0.4,.,-0.4,
PCP,Lifetime,8th Grade,.,.,.,.,.,.,.,.,.,.,.,.,.,.,.,.,.,.,.,.,.,.,.,.,.,.,.,.,.,.,.,.,.,.,.,.,.,.,.,.,.,.,.,.,.,.,.,.,.,.,.,.,.,
PCP,Lifetime,10th Grade,.,.,.,.,.,.,.,.,.,.,.,.,.,.,.,.,.,.,.,.,.,.,.,.,.,.,.,.,.,.,.,.,.,.,.,.,.,.,.,.,.,.,.,.,.,.,.,.,.,.,.,.,.,
PCP,Lifetime,12th Grade,.,.,.,.,12.8,9.6,7.8,6,5.6,5,4.9,4.8,3,2.9,3.9,2.8,2.9,2.4,2.9,2.8,2.7,4,3.9,3.9,3.4,3.4,3.5,3.1,2.5,1.6,2.4,2.2,2.1,1.8,1.7,1.8,2.3,1.6,1.3,.,.,.,.,.,.,.,.,.,.,.,.,.,0,
PCP,12 Month,8th Grade,.,.,.,.,.,.,.,.,.,.,.,.,.,.,.,.,.,.,.,.,.,.,.,.,.,.,.,.,.,.,.,.,.,.,.,.,.,.,.,.,.,.,.,.,.,.,.,.,.,.,.,.,.,
PCP,12 Month,10th Grade,.,.,.,.,.,.,.,.,.,.,.,.,.,.,.,.,.,.,.,.,.,.,.,.,.,.,.,.,.,.,.,.,.,.,.,.,.,.,.,.,.,.,.,.,.,.,.,.,.,.,.,.,.,
PCP,12 Month,12th Grade,.,.,.,.,7,4.4,3.2,2.2,2.6,2.3,2.9,2.4,1.3,1.2,2.4,1.2,1.4,1.4,1.4,1.6,1.8,2.6,2.3,2.1,1.8,2.3,1.8,1.1,1.3,0.7,1.3,0.7,0.9,1.1,1,1,1.3,0.9,0.7,0.8,1.4,1.3,1,1.1,1.1,&sect;,0.7,1.2,0.5,0.7,0.2,.,0.2,
PCP,30 Day,8th Grade,.,.,.,.,.,.,.,.,.,.,.,.,.,.,.,.,.,.,.,.,.,.,.,.,.,.,.,.,.,.,.,.,.,.,.,.,.,.,.,.,.,.,.,.,.,.,.,.,.,.,.,.,.,
PCP,30 Day,10th Grade,.,.,.,.,.,.,.,.,.,.,.,.,.,.,.,.,.,.,.,.,.,.,.,.,.,.,.,.,.,.,.,.,.,.,.,.,.,.,.,.,.,.,.,.,.,.,.,.,.,.,.,.,.,
PCP,30 Day,12th Grade,.,.,.,.,2.4,1.4,1.4,1,1.3,1,1.6,1.3,0.6,0.3,1.4,0.4,0.5,0.6,1,0.7,0.6,1.3,0.7,1,0.8,0.9,0.5,0.4,0.6,0.4,0.7,0.4,0.5,0.6,0.5,0.8,0.8,0.5,0.4,.,.,.,.,.,.,.,.,.,.,.,.,.,0,
Ecstasy (MDMA),Lifetime,8th Grade,.,.,.,.,.,.,.,.,.,.,.,.,.,.,.,.,.,.,.,.,.,3.4,3.2,2.7,2.7,4.3,5.2,4.3,3.2,2.8,2.8,2.5,2.3,2.4,2.2,3.3,2.6,2,1.8&ddagger;,2.4,2.3,1.7,1.5,1.6,1.7,1.7,1,1.2,0.9,0.6,-0.2,.,-0.2,
Ecstasy (MDMA),Lifetime,10th Grade,.,.,.,.,.,.,.,.,.,.,.,.,.,.,.,.,.,.,.,.,.,5.6,5.7,5.1,6,7.3,8,6.6,5.4,4.3,4,4.5,5.2,4.3,5.5,6.4,6.6,5,5.7&ddagger;,5.2,3.8,2.8,2.8,2.4,3.2,2.6,1.4,1.4,1.4,1,-0.4,.,-0.4,
Ecstasy (MDMA),Lifetime,12th Grade,.,.,.,.,.,.,.,.,.,.,.,.,.,.,.,.,.,.,.,.,.,6.1,6.9,5.8,8,11,11.7,10.5,8.3,7.5,5.4,6.5,6.5,6.2,6.5,7.3,8,7.2,7.1&ddagger;,7.9,5.9,4.9,4.9,4.1,3.3,3.6,2.8,3,1.6,1.9,0.3,.,0.3,
Ecstasy (MDMA),12 Month,8th Grade,.,.,.,.,.,.,.,.,.,.,.,.,.,.,.,.,.,.,.,.,.,2.3,2.3,1.8,1.7,3.1,3.5,2.9,2.1,1.7,1.7,1.4,1.5,1.7,1.3,2.4,1.7,1.1,1.1&ddagger;,1.5,1.4,1,0.9,1.1,1.1,0.8,0.6,0.6,0.4,0.3,-0.1,.,-0.1,
Ecstasy (MDMA),12 Month,10th Grade,.,.,.,.,.,.,.,.,.,.,.,.,.,.,.,.,.,.,.,.,.,4.6,3.9,3.3,4.4,5.4,6.2,4.9,3,2.4,2.6,2.8,3.5,2.9,3.7,4.7,4.5,3,3.6&ddagger;,3.8,2.4,1.8,1.7,1.4,1.7,1.2,0.7,0.7,0.7,0.5,-0.3,.,-0.3,
Ecstasy (MDMA),12 Month,12th Grade,.,.,.,.,.,.,.,.,.,.,.,.,.,.,.,.,.,.,.,.,.,4.6,4,3.6,5.6,8.2,9.2,7.4,4.5,4,3,4.1,4.5,4.3,4.3,4.5,5.3,3.8,4&ddagger;,5,3.6,2.7,2.6,2.2,2.2,1.8,1.1,1.4,0.7,0.8,0.1,.,0.1,
Ecstasy (MDMA),30 Day,8th Grade,.,.,.,.,.,.,.,.,.,.,.,.,.,.,.,.,.,.,.,.,.,1,1,0.9,0.8,1.4,1.8,1.4,0.7,0.8,0.6,0.7,0.6,0.8,0.6,1.1,0.6,0.5,0.5&ddagger;,0.7,0.5,0.3,0.4,0.4,0.5,0.3,0.2,0.2,0.3,0.1,-0.2,.,-0.2,
Ecstasy (MDMA),30 Day,10th Grade,.,.,.,.,.,.,.,.,.,.,.,.,.,.,.,.,.,.,.,.,.,1.8,1.3,1.3,1.8,2.6,2.6,1.8,1.1,0.8,1,1.2,1.2,1.1,1.3,1.9,1.6,1,1.2&ddagger;,1.1,0.9,0.5,0.5,0.4,0.7,0.5,0.1,0.3,0.3,0.2,-0.2,.,-0.2,
Ecstasy (MDMA),30 Day,12th Grade,.,.,.,.,.,.,.,.,.,.,.,.,.,.,.,.,.,.,.,.,.,2,1.6,1.5,2.5,3.6,2.8,2.4,1.3,1.2,1,1.3,1.6,1.8,1.8,1.4,2.3,0.9,1.5&ddagger;,1.5,1.1,0.9,0.9,0.5,0.7,0.8,0.2,0.9,0.3,0.3,0.1,.,0.1,
Cocaine,Lifetime,8th Grade,.,.,.,.,.,.,.,.,.,.,.,.,.,.,.,.,2.3,2.9,2.9,3.6,4.2,4.5,4.4,4.6,4.7,4.5,4.3,3.6,3.6,3.4,3.7,3.4,3.1,3,2.6,2.6,2.2,1.9,1.7,1.8,1.6,1.4,1.3,1.4,1.2,1.6,0.6,0.8,1,0.6,-0.4,.,-0.4,
Cocaine,Lifetime,10th Grade,.,.,.,.,.,.,.,.,.,.,.,.,.,.,.,.,4.1,3.3,3.6,4.3,5,6.5,7.1,7.2,7.7,6.9,5.7,6.1,5.1,5.4,5.2,4.8,5.3,4.5,4.6,3.7,3.3,3.3,3.3,2.6,2.7,2.1,2.1,2.6,2.5,1.6,1.2,0.8,1,1,-0.1,.,-0.1,
Cocaine,Lifetime,12th Grade,9,9.7,10.8,12.9,15.4,15.7,16.5,16,16.2,16.1,17.3,16.9,15.2,12.1,10.3,9.4,7.8,6.1,6.1,5.9,6,7.1,8.7,9.3,9.8,8.6,8.2,7.8,7.7,8.1,8,8.5,7.8,7.2,6,5.5,5.2,4.9,4.5,4.6,4,3.7,4.2,3.9,3.8,4.1,2.5,2.4,1.3,1.6,0.3,.,0.3,
Cocaine,12 Month,8th Grade,.,.,.,.,.,.,.,.,.,.,.,.,.,.,.,.,1.1,1.5,1.7,2.1,2.6,3,2.8,3.1,2.7,2.6,2.5,2.3,2.2,2,2.2,2,2,1.8,1.6,1.6,1.4,1.2,1,1,0.9,0.8,0.8,0.8,0.7,0.5,0.2,0.5,0.4,0.2,-0.1,.,-0.1,
Cocaine,12 Month,10th Grade,.,.,.,.,.,.,.,.,.,.,.,.,.,.,.,.,2.2,1.9,2.1,2.8,3.5,4.2,4.7,4.7,4.9,4.4,3.6,4,3.3,3.7,3.5,3.2,3.4,3,2.7,2.2,1.9,2,1.9,1.5,1.8,1.3,1.4,1.5,1.5,1.1,0.6,0.3,0.5,0.5,0,.,0,
Cocaine,12 Month,12th Grade,5.6,6,7.2,9,12,12.3,12.4,11.5,11.4,11.6,13.1,12.7,10.3,7.9,6.5,5.3,3.5,3.1,3.3,3.6,4,4.9,5.5,5.7,6.2,5,4.8,5,4.8,5.3,5.1,5.7,5.2,4.4,3.4,2.9,2.9,2.7,2.6,2.6,2.5,2.3,2.7,2.3,2.2,2.9,1.2,1.5,0.6,0.9,0.3,.,0.3,
Cocaine,30 Day,8th Grade,.,.,.,.,.,.,.,.,.,.,.,.,.,.,.,.,0.5,0.7,0.7,1,1.2,1.3,1.1,1.4,1.3,1.2,1.2,1.1,0.9,0.9,1,1,0.9,0.8,0.8,0.6,0.8,0.5,0.5,0.5,0.5,0.3,0.4,0.3,0.3,0.1,0.1,0.3,0.3,0.2,-0.2,.,-0.2,
Cocaine,30 Day,10th Grade,.,.,.,.,.,.,.,.,.,.,.,.,.,.,.,.,0.7,0.7,0.9,1.2,1.7,1.7,2,2.1,1.8,1.8,1.3,1.6,1.3,1.7,1.5,1.5,1.3,1.2,0.9,0.9,0.7,0.8,0.8,0.6,0.8,0.4,0.5,0.6,0.6,0.4,0.3,0.2,0.4,0.3,-0.1,.,-0.1,
Cocaine,30 Day,12th Grade,1.9,2,2.9,3.9,5.7,5.2,5.8,5,4.9,5.8,6.7,6.2,4.3,3.4,2.8,1.9,1.4,1.3,1.3,1.5,1.8,2,2.3,2.4,2.6,2.1,2.1,2.3,2.1,2.3,2.3,2.5,2,1.9,1.3,1.3,1.1,1.1,1.1,1,1.1,0.9,1.2,1.1,1,0.8,0.3,0.8,0.4,0.5,0.1,.,0.1,
Crack,Lifetime,8th Grade,.,.,.,.,.,.,.,.,.,.,.,.,.,.,.,.,1.3,1.6,1.7,2.4,2.7,2.9,2.7,3.2,3.1,3.1,3,2.5,2.5,2.4,2.4,2.3,2.1,2,1.7,1.5,1.5,1,1.2,1.2,1,0.9,0.8,0.9,0.9,0.9,0.4,0.7,0.6,.,.,.,0,
Crack,Lifetime,10th Grade,.,.,.,.,.,.,.,.,.,.,.,.,.,.,.,.,1.7,1.5,1.8,2.1,2.8,3.3,3.6,3.9,4,3.7,3.1,3.6,2.7,2.6,2.5,2.2,2.3,2,2.1,1.8,1.6,1.4,1.5,1,1.1,0.8,0.8,1,0.9,0.7,0.7,0.4,0.7,.,.,.,0,
Crack,Lifetime,12th Grade,.,.,.,.,.,.,.,.,.,.,.,.,5.4,4.8,4.7,3.5,3.1,2.6,2.6,3,3,3.3,3.9,4.4,4.6,3.9,3.7,3.8,3.6,3.9,3.5,3.5,3.2,2.8,2.4,2.4,1.9,2.1,1.8,1.8,1.7,1.4,1.7,1.5,1.7,1.6,1.5,1.3,0.8,.,.,.,0,
Crack,12 Month,8th Grade,.,.,.,.,.,.,.,.,.,.,.,.,.,.,.,.,0.7,0.9,1,1.3,1.6,1.8,1.7,2.1,1.8,1.8,1.7,1.6,1.6,1.3,1.4,1.3,1.3,1.1,1.1,1,0.9,0.6,0.6,0.7,0.5,0.5,0.5,0.4,0.4,0.2,0.2,0.4,0.3,0.5,0.2,.,0.2,
Crack,12 Month,10th Grade,.,.,.,.,.,.,.,.,.,.,.,.,.,.,.,.,0.9,0.9,1.1,1.4,1.8,2.1,2.2,2.5,2.4,2.2,1.8,2.3,1.6,1.7,1.7,1.3,1.3,1.3,1.2,1,0.9,0.8,0.8,0.5,0.7,0.4,0.6,0.6,0.6,0.5,0.3,0.2,0.3,1,0.8,sss,0.8***,***
Crack,12 Month,12th Grade,.,.,.,.,.,.,.,.,.,.,.,4.1,3.9,3.1,3.1,1.9,1.5,1.5,1.5,1.9,2.1,2.1,2.4,2.5,2.7,2.2,2.1,2.3,2.2,2.3,1.9,2.1,1.9,1.6,1.3,1.4,1,1.2,1.1,1.1,1.1,0.8,1,0.9,1,1.2,0.7,0.9,0.5,0.6,0.1,.,0.1,
Crack,30 Day,8th Grade,.,.,.,.,.,.,.,.,.,.,.,.,.,.,.,.,0.3,0.5,0.4,0.7,0.7,0.8,0.7,0.9,0.8,0.8,0.8,0.8,0.7,0.6,0.6,0.6,0.6,0.5,0.5,0.4,0.5,0.3,0.3,0.3,0.3,0.2,0.3,0.2,0.2,0.1,0.1,0.3,0.2,.,.,.,0,
Crack,30 Day,10th Grade,.,.,.,.,.,.,.,.,.,.,.,.,.,.,.,.,0.3,0.4,0.5,0.6,0.9,0.8,0.9,1.1,0.8,0.9,0.7,1,0.7,0.8,0.7,0.7,0.5,0.5,0.4,0.5,0.4,0.4,0.4,0.3,0.3,0.2,0.3,0.3,0.3,0.3,0.2,0.1,0.2,.,.,.,0,
Crack,30 Day,12th Grade,.,.,.,.,.,.,.,.,.,.,.,.,1.3,1.6,1.4,0.7,0.7,0.6,0.7,0.8,1,1,0.9,1,1.1,1,1.1,1.2,0.9,1,1,0.9,0.9,0.8,0.6,0.7,0.5,0.6,0.6,0.7,0.6,0.5,0.6,0.5,0.7,0.4,0.3,0.6,0.3,.,.,.,0,
Heroin,Lifetime,8th Grade,.,.,.,.,.,.,.,.,.,.,.,.,.,.,.,.,1.2,1.4,1.4,2,2.3,2.4,2.1,2.3,2.3,1.9,1.7,1.6,1.6,1.6,1.5,1.4,1.3,1.4,1.3,1.3,1.2,0.8,1,0.9,0.5,0.5,0.7,0.6,0.7,0.5,0.5,0.4,0.8,0.4,-0.3,.,-0.3,
Heroin,Lifetime,10th Grade,.,.,.,.,.,.,.,.,.,.,.,.,.,.,.,.,1.2,1.2,1.3,1.5,1.7,2.1,2.1,2.3,2.3,2.2,1.7,1.8,1.5,1.5,1.5,1.4,1.5,1.2,1.5,1.3,1.2,1.1,1,0.9,0.7,0.6,0.4,0.4,0.4,0.3,0.3,0.5,0.5,0.3,-0.2,.,-0.2,
Heroin,Lifetime,12th Grade,2.2,1.8,1.8,1.6,1.1,1.1,1.1,1.2,1.2,1.3,1.2,1.1,1.2,1.1,1.3,1.3,0.9,1.2,1.1,1.2,1.6,1.8,2.1,2,2,2.4,1.8,1.7,1.5,1.5,1.5,1.4,1.5,1.3,1.2,1.6,1.4,1.1,1,1,0.8,0.7,0.7,0.8,0.6,0.4,0.4,0.5,0.2,0.4,0.2,.,0.2,
Heroin,12 Month,8th Grade,.,.,.,.,.,.,.,.,.,.,.,.,.,.,.,.,0.7,0.7,0.7,1.2,1.4,1.6,1.3,1.3,1.4,1.1,1,0.9,0.9,1,0.8,0.8,0.8,0.9,0.7,0.8,0.7,0.5,0.5,0.5,0.3,0.3,0.3,0.3,0.3,0.2,0.2,0.3,0.4,0.2,-0.2,.,-0.2,
Heroin,12 Month,10th Grade,.,.,.,.,.,.,.,.,.,.,.,.,.,.,.,.,0.5,0.6,0.7,0.9,1.1,1.2,1.4,1.4,1.4,1.4,0.9,1.1,0.7,0.9,0.9,0.9,0.8,0.8,0.9,0.8,0.8,0.6,0.6,0.5,0.5,0.3,0.2,0.2,0.3,0.2,0.1,0.2,0.3,0.1,-0.1,.,-0.1,
Heroin,12 Month,12th Grade,1,0.8,0.8,0.8,0.5,0.5,0.5,0.6,0.6,0.5,0.6,0.5,0.5,0.5,0.6,0.5,0.4,0.6,0.5,0.6,1.1,1,1.2,1,1.1,1.5,0.9,1,0.8,0.9,0.8,0.8,0.9,0.7,0.7,0.9,0.8,0.6,0.6,0.6,0.5,0.3,0.4,0.4,0.4,0.3,0.1,0.3,0.1,0.2,0.1,.,0.1,
Heroin,30 Day,8th Grade,.,.,.,.,.,.,.,.,.,.,.,.,.,.,.,.,0.3,0.4,0.4,0.6,0.6,0.7,0.6,0.6,0.6,0.5,0.6,0.5,0.4,0.5,0.5,0.3,0.4,0.4,0.4,0.4,0.4,0.2,0.3,0.3,0.1,0.2,0.2,0.1,0.1,0.2,0.1,0.2,0.3,0.2,-0.2,.,-0.2,
Heroin,30 Day,10th Grade,.,.,.,.,.,.,.,.,.,.,.,.,.,.,.,.,0.2,0.2,0.3,0.4,0.6,0.5,0.6,0.7,0.7,0.5,0.3,0.5,0.3,0.5,0.5,0.5,0.4,0.4,0.4,0.4,0.4,0.4,0.3,0.4,0.2,0.2,0.1,0.1,0.2,0.1,0.1,0.2,0.2,0.1,-0.1,.,-0.1,
Heroin,30 Day,12th Grade,0.4,0.2,0.3,0.3,0.2,0.2,0.2,0.2,0.2,0.3,0.3,0.2,0.2,0.2,0.3,0.2,0.2,0.3,0.2,0.3,0.6,0.5,0.5,0.5,0.5,0.7,0.4,0.5,0.4,0.5,0.5,0.4,0.4,0.4,0.4,0.4,0.4,0.3,0.3,0.4,0.3,0.2,0.3,0.2,0.3,0.3,0.1,0.3,0.1,0.2,0.1,.,0.1,
Narcotics other than Heroin,Lifetime,8th Grade,.,.,.,.,.,.,.,.,.,.,.,.,.,.,.,.,.,.,.,.,.,.,.,.,.,.,.,.,.,.,.,.,.,.,.,.,.,.,.,.,.,.,.,.,.,.,.,.,.,.,.,.,.,
Narcotics other than Heroin,Lifetime,10th Grade,.,.,.,.,.,.,.,.,.,.,.,.,.,.,.,.,.,.,.,.,.,.,.,.,.,.,.,.,.,.,.,.,.,.,.,.,.,.,.,.,.,.,.,.,.,.,.,.,.,.,.,.,.,
Narcotics other than Heroin,Lifetime,12th Grade,9,9.6,10.3,9.9,10.1,9.8,10.1,9.6,9.4,9.7,10.2,9,9.2,8.6,8.3,8.3,6.6,6.1,6.4,6.6,7.2,8.2,9.7,9.8,10.2,10.6,9.9&ddagger;,13.5,13.2,13.5,12.8,13.4,13.1,13.2,13.2,13,13,12.2,11.1,9.5,8.4,7.8,6.8,6,5.3,5.3,2.3,3.2,2.4,1.6,-0.7,s,-0.7*,*
Narcotics other than Heroin,12 Month,8th Grade,.,.,.,.,.,.,.,.,.,.,.,.,.,.,.,.,.,.,.,.,.,.,.,.,.,.,.,.,.,.,.,.,.,.,.,.,.,.,.,.,.,.,.,.,.,.,.,.,.,.,.,.,.,
Narcotics other than Heroin,12 Month,10th Grade,.,.,.,.,.,.,.,.,.,.,.,.,.,.,.,.,.,.,.,.,.,.,.,.,.,.,.,.,.,.,.,.,.,.,.,.,.,.,.,.,.,.,.,.,.,.,.,.,.,.,.,.,.,
Narcotics other than Heroin,12 Month,12th Grade,5.7,5.7,6.4,6,6.2,6.3,5.9,5.3,5.1,5.2,5.9,5.2,5.3,4.6,4.4,4.5,3.5,3.3,3.6,3.8,4.7,5.4,6.2,6.3,6.7,7,6.7&ddagger;,9.4,9.3,9.5,9,9,9.2,9.1,9.2,8.7,8.7,7.9,7.1,6.1,5.4,4.8,4.2,3.4,2.7,2.1,1,1.7,1,0.6,-0.4,s,-0.4*,*
Narcotics other than Heroin,30 Day,8th Grade,.,.,.,.,.,.,.,.,.,.,.,.,.,.,.,.,.,.,.,.,.,.,.,.,.,.,.,.,.,.,.,.,.,.,.,.,.,.,.,.,.,.,.,.,.,.,.,.,.,.,.,.,.,
Narcotics other than Heroin,30 Day,10th Grade,.,.,.,.,.,.,.,.,.,.,.,.,.,.,.,.,.,.,.,.,.,.,.,.,.,.,.,.,.,.,.,.,.,.,.,.,.,.,.,.,.,.,.,.,.,.,.,.,.,.,.,.,.,
Narcotics other than Heroin,30 Day,12th Grade,2.1,2,2.8,2.1,2.4,2.4,2.1,1.8,1.8,1.8,2.3,2,1.8,1.6,1.6,1.5,1.1,1.2,1.3,1.5,1.8,2,2.3,2.4,2.6,2.9,3&ddagger;,4,4.1,4.3,3.9,3.8,3.8,3.8,4.1,3.6,3.6,3,2.8,2.2,2.1,1.7,1.6,1.1,1,0.7,0.3,0.7,0.4,0.3,-0.2,.,-0.2,
OxyContin,12 Month,8th Grade,.,.,.,.,.,.,.,.,.,.,.,.,.,.,.,.,.,.,.,.,.,.,.,.,.,.,.,1.3,1.7,1.7,1.8,2.6,1.8,2.1,2,2.1,1.8,1.6,2,1,0.8,0.9,0.8,0.8,1.2,0.9,0.8,0.7,0.8,0.7,-0.2,.,-0.2,
OxyContin,12 Month,10th Grade,.,.,.,.,.,.,.,.,.,.,.,.,.,.,.,.,.,.,.,.,.,.,.,.,.,.,.,3,3.6,3.5,3.2,3.8,3.9,3.6,5.1,4.6,3.9,3,3.4,3,2.6,2.1,2.2,2.2,2,1,0.9,0.9,0.4,1,0.6,s,0.6*,*
OxyContin,12 Month,12th Grade,.,.,.,.,.,.,.,.,.,.,.,.,.,.,.,.,.,.,.,.,.,.,.,.,.,.,.,4,4.5,5,5.5,4.3,5.2,4.7,4.9,5.1,4.9,4.3,3.6,3.3,3.7,3.4,2.7,2.3,1.7,2.4,0.9,1.9,0.6,1.1,0.5,s,0.5*,*
Vicodin,12 Month,8th Grade,.,.,.,.,.,.,.,.,.,.,.,.,.,.,.,.,.,.,.,.,.,.,.,.,.,.,.,2.5,2.8,2.5,2.6,3,2.7,2.9,2.5,2.7,2.1,1.3,1.4,1,0.9,0.8,0.7,0.6,0.9,0.5,0.6,0.7,0.9,0.9,0,.,0,
Vicodin,12 Month,10th Grade,.,.,.,.,.,.,.,.,.,.,.,.,.,.,.,.,.,.,.,.,.,.,.,.,.,.,.,6.9,7.2,6.2,5.9,7,7.2,6.7,8.1,7.7,5.9,4.4,4.6,3.4,2.5,1.7,1.5,1.1,1.1,0.9,0.5,1,0.3,1,0.8,ss,0.8**,**
Vicodin,12 Month,12th Grade,.,.,.,.,.,.,.,.,.,.,.,.,.,.,.,.,.,.,.,.,.,.,.,.,.,.,.,9.6,10.5,9.3,9.5,9.7,9.6,9.7,9.7,8,8.1,7.5,5.3,4.8,4.4,2.9,2,1.7,1.1,1.2,0.9,1.3,0.6,0.7,0.2,.,0.2,
Amphetamines,Lifetime,8th Grade,.,.,.,.,.,.,.,.,.,.,.,.,.,.,.,.,10.5,10.8,11.8,12.3,13.1,13.5,12.3,11.3,10.7,9.9,10.2,8.7,8.4,7.5,7.4,7.3,6.5,6.8,6,5.7,5.2,4.5&ddagger;,6.9,6.7,6.8,5.7,5.7,5.9,6.8,8.9,5.8,6,5,4.5,-0.5,.,-0.5,
Amphetamines,Lifetime,10th Grade,.,.,.,.,.,.,.,.,.,.,.,.,.,.,.,.,13.2,13.1,14.9,15.1,17.4,17.7,17,16,15.7,15.7,16,14.9,13.1,11.9,11.1,11.2,11.1,9,10.3,10.6,9,8.9&ddagger;,11.2,10.6,9.7,8.8,8.2,8.6,8.2,7,5.2,5.4,5.7,4.3,-1.4,s,-1.4*,*
Amphetamines,Lifetime,12th Grade,22.3,22.6,23,22.9,24.2,26.4,32.2&ddagger;,27.9,26.9,27.9,26.2,23.4,21.6,19.8,19.1,17.5,15.4,13.9,15.1,15.7,15.3,15.3,16.5,16.4,16.3,15.6,16.2,16.8,14.4,15,13.1,12.4,11.4,10.5,9.9,11.1,12.2,12&ddagger;,13.8,12.1,10.8,10,9.2,8.6,7.7,7.3,4.9,5.3,4.3,4.3,0,.,0,
Amphetamines,12 Month,8th Grade,.,.,.,.,.,.,.,.,.,.,.,.,.,.,.,.,6.2,6.5,7.2,7.9,8.7,9.1,8.1,7.2,6.9,6.5,6.7,5.5,5.5,4.9,4.9,4.7,4.2,4.5,4.1,3.9,3.5,2.9&ddagger;,4.2,4.3,4.1,3.5,3.5,3.7,4.1,5.3,3,3.2,2.8,2.1,-0.7,.,-0.7,
Amphetamines,12 Month,10th Grade,.,.,.,.,.,.,.,.,.,.,.,.,.,.,.,.,8.2,8.2,9.6,10.2,11.9,12.4,12.1,10.7,10.4,11.1,11.7,10.7,9,8.5,7.8,7.9,8,6.4,7.1,7.6,6.6,6.5&ddagger;,7.9,7.6,6.8,6.1,5.6,5.7,5.2,4.3,2.7,3.1,2.7,2.2,-0.5,.,-0.5,
Amphetamines,12 Month,12th Grade,16.2,15.8,16.3,17.1,18.3,20.8,26&ddagger;,20.3,17.9,17.7,15.8,13.4,12.2,10.9,10.8,9.1,8.2,7.1,8.4,9.4,9.3,9.5,10.2,10.1,10.2,10.5,10.9,11.1,9.9,10,8.6,8.1,7.5,6.8,6.6,7.4,8.2,7.9&ddagger;,9.2,8.1,7.7,6.7,5.9,5.5,4.5,4.3,2.3,2.8,2.1,2.3,0.2,.,0.2,
Amphetamines,30 Day,8th Grade,.,.,.,.,.,.,.,.,.,.,.,.,.,.,.,.,2.6,3.3,3.6,3.6,4.2,4.6,3.8,3.3,3.4,3.4,3.2,2.8,2.7,2.3,2.3,2.1,2,2.2,1.9,1.8,1.8,1.3&ddagger;,2.3,2.1,1.9,1.7,1.7,1.8,2.2,2.2,1.7,1.9,1.6,1,-0.6,s,-0.6*,*
Amphetamines,30 Day,10th Grade,.,.,.,.,.,.,.,.,.,.,.,.,.,.,.,.,3.3,3.6,4.3,4.5,5.3,5.5,5.1,5.1,5,5.4,5.6,5.2,4.3,4,3.7,3.5,4,2.8,3.3,3.3,3.1,2.8&ddagger;,3.3,3.7,3.1,2.7,2.5,2.4,2.4,1.9,1.4,1.3,1.3,1.1,-0.2,.,-0.2,
Amphetamines,30 Day,12th Grade,8.5,7.7,8.8,8.7,9.9,12.1,15.8&ddagger;,10.7,8.9,8.3,6.8,5.5,5.2,4.6,4.2,3.7,3.2,2.8,3.7,4,4,4.1,4.8,4.6,4.5,5,5.6,5.5,5,4.6,3.9,3.7,3.7,2.9,3,3.3,3.7,3.3&ddagger;,4.2,3.8,3.2,3,2.6,2.4,2,1.7,1,1.3,1.1,1.2,0.1,.,0.1,
Ritalin,12 Month,8th Grade,.,.,.,.,.,.,.,.,.,.,.,.,.,.,.,.,.,.,.,.,.,.,.,.,.,.,2.9,2.8,2.6,2.5,2.4,2.6,2.1,1.6,1.8,1.5,1.3,0.7,1.1,0.9,0.6,0.8,0.4,0.5,1,0.5,0.6,0.7,0.6,0.7,0,.,0,
Ritalin,12 Month,10th Grade,.,.,.,.,.,.,.,.,.,.,.,.,.,.,.,.,.,.,.,.,.,.,.,.,.,.,4.8,4.8,4.1,3.4,3.4,3.6,2.8,2.9,3.6,2.7,2.6,1.9,1.8,1.8,1.6,1.2,0.8,0.9,0.7,1,0.3,0.7,0.5,0.9,0.4,.,0.4,
Ritalin,12 Month,12th Grade,.,.,.,.,.,.,.,.,.,.,.,.,.,.,.,.,.,.,.,.,.,.,.,.,.,.,5.1,4,4,5.1,4.4,4.4,3.8,3.4,2.1,2.7,2.6,2.6,2.3,1.8,2,1.2,1.3,0.9,1.1,1.7,0.5,1.1,0.6,1.1,0.5,.,0.5,
Adderall,12 Month,8th Grade,.,.,.,.,.,.,.,.,.,.,.,.,.,.,.,.,.,.,.,.,.,.,.,.,.,.,.,.,.,.,.,.,.,.,2,2.3,1.7,1.7,1.8,1.3,1,1.5,1.3,1.8,2.5,2.7,1.8,2.3,1.7,1.6,-0.1,.,-0.1,
Adderall,12 Month,10th Grade,.,.,.,.,.,.,.,.,.,.,.,.,.,.,.,.,.,.,.,.,.,.,.,.,.,.,.,.,.,.,.,.,.,.,5.7,5.3,4.6,4.5,4.4,4.6,5.2,4.2,4,4.1,3.1,2.9,1.6,2.9,2.1,1.9,-0.2,.,-0.2,
Adderall,12 Month,12th Grade,.,.,.,.,.,.,.,.,.,.,.,.,.,.,.,.,.,.,.,.,.,.,.,.,.,.,.,.,.,.,.,.,.,.,5.4,6.5,6.5,7.6,7.4,6.8,7.5,6.2,5.5,4.6,3.9,4.4,1.8,3.4,1.7,2.5,0.8,.,0.8,
Methamphetamine,Lifetime,8th Grade,.,.,.,.,.,.,.,.,.,.,.,.,.,.,.,.,.,.,.,.,.,.,.,.,4.5,4.2,4.4,3.5,3.9,2.5,3.1,2.7,1.8,2.3,1.6,1.8,1.3,1.3,1.4,1,0.8,0.6,0.7,0.7,0.9,1.1,0.3,0.5,0.3,0.4,0.1,.,0.1,
Methamphetamine,Lifetime,10th Grade,.,.,.,.,.,.,.,.,.,.,.,.,.,.,.,.,.,.,.,.,.,.,.,.,7.3,6.9,6.4,6.1,5.2,5.3,4.1,3.2,2.8,2.4,2.8,2.5,2.1,1.8,1.6,1.4,1.3,0.7,0.9,0.8,0.7,0.8,0.4,0.6,0.5,0.3,-0.2,.,-0.2,
Methamphetamine,Lifetime,12th Grade,.,.,.,.,.,.,.,.,.,.,.,.,.,.,.,.,.,.,.,.,.,.,.,.,8.2,7.9,6.9,6.7,6.2,6.2,4.5,4.4,3,2.8,2.4,2.3,2.1,1.7,1.5,1.9,1,1.2,1.1,0.7,0.8,1.7,0.6,1.1,0.6,0.8,0.2,.,0.2,
Methamphetamine,12 Month,8th Grade,.,.,.,.,.,.,.,.,.,.,.,.,.,.,.,.,.,.,.,.,.,.,.,.,3.2,2.5,2.8,2.2,2.5,1.5,1.8,1.8,1.1,1.2,1,1.2,0.8,1,1,0.6,0.5,0.4,0.5,0.4,0.5,0.5,0.2,0.2,0,0.1,0.1,.,0.1,
Methamphetamine,12 Month,10th Grade,.,.,.,.,.,.,.,.,.,.,.,.,.,.,.,.,.,.,.,.,.,.,.,.,4.6,4,3.7,3.9,3.3,3,2.9,1.8,1.6,1.5,1.6,1.6,1.4,1,1,0.8,0.8,0.4,0.4,0.4,0.5,0.3,0.2,0.3,0.4,0.2,-0.2,.,-0.2,
Methamphetamine,12 Month,12th Grade,.,.,.,.,.,.,.,.,.,.,.,.,.,.,.,.,.,.,.,.,.,.,.,.,4.7,4.3,3.9,3.6,3.2,3.4,2.5,2.5,1.7,1.2,1.2,1,1.4,1.1,0.9,1,0.6,0.6,0.6,0.5,0.5,1.4,0.2,0.5,0.4,0.5,0.2,.,0.2,
Methamphetamine,30 Day,8th Grade,.,.,.,.,.,.,.,.,.,.,.,.,.,.,.,.,.,.,.,.,.,.,.,.,1.1,0.8,1.3,1.1,1.2,0.6,0.7,0.6,0.6,0.7,0.5,0.7,0.4,0.5,0.4,0.2,0.3,0.3,0.2,0.1,0.1,0.1,0,0.1,0,0.1,0.1,.,0.1,
Methamphetamine,30 Day,10th Grade,.,.,.,.,.,.,.,.,.,.,.,.,.,.,.,.,.,.,.,.,.,.,.,.,1.8,2,1.5,1.8,1.4,1.3,1.1,0.7,0.4,0.7,0.6,0.7,0.5,0.6,0.4,0.3,0.3,0.2,0.1,0.1,0.3,0.2,0.1,0.1,0.3,0.1,-0.2,.,-0.2,
Methamphetamine,30 Day,12th Grade,.,.,.,.,.,.,.,.,.,.,.,.,.,.,.,.,.,.,.,.,.,.,.,.,1.7,1.9,1.5,1.7,1.7,1.4,0.9,0.9,0.6,0.6,0.5,0.5,0.6,0.5,0.4,0.5,0.4,0.3,0.3,0.3,0.3,0.8,0.1,0.4,0.1,0.3,0.2,.,0.2,
Crystal Methamphetamine,Lifetime,8th Grade,.,.,.,.,.,.,.,.,.,.,.,.,.,.,.,.,.,.,.,.,.,.,.,.,.,.,.,.,.,.,.,.,.,.,.,.,.,.,.,.,.,.,.,.,.,.,.,.,.,.,.,.,.,
Crystal Methamphetamine,Lifetime,10th Grade,.,.,.,.,.,.,.,.,.,.,.,.,.,.,.,.,.,.,.,.,.,.,.,.,.,.,.,.,.,.,.,.,.,.,.,.,.,.,.,.,.,.,.,.,.,.,.,.,.,.,.,.,.,
Crystal Methamphetamine,Lifetime,12th Grade,.,.,.,.,.,.,.,.,.,.,.,.,.,.,.,2.7,3.3,2.9,3.1,3.4,3.9,4.4,4.4,5.3,4.8,4,4.1,4.7,3.9,4,4,3.4,3.4,2.8,2.1,1.8,2.1,1.7,2,1.3,1.2,1.4,1.5,1.1,1.3,0.2,0.7,0.8,0.9,0.6,-0.3,.,-0.3,
Crystal Methamphetamine,12 Month,8th Grade,.,.,.,.,.,.,.,.,.,.,.,.,.,.,.,.,.,.,.,.,.,.,.,.,.,.,.,.,.,.,.,.,.,.,.,.,.,.,.,.,.,.,.,.,.,.,.,.,.,.,.,.,.,
Crystal Methamphetamine,12 Month,10th Grade,.,.,.,.,.,.,.,.,.,.,.,.,.,.,.,.,.,.,.,.,.,.,.,.,.,.,.,.,.,.,.,.,.,.,.,.,.,.,.,.,.,.,.,.,.,.,.,.,.,.,.,.,.,
Crystal Methamphetamine,12 Month,12th Grade,.,.,.,.,.,.,.,.,.,.,.,.,.,.,.,1.3,1.4,1.3,1.7,1.8,2.4,2.8,2.3,3,1.9,2.2,2.5,3,2,2.1,2.3,1.9,1.6,1.1,0.9,0.9,1.2,0.8,1.1,0.8,0.5,0.8,0.8,0.6,0.6,0,0.4,0.3,0.3,0.2,-0.1,.,-0.1,
Crystal Methamphetamine,30 Day,8th Grade,.,.,.,.,.,.,.,.,.,.,.,.,.,.,.,.,.,.,.,.,.,.,.,.,.,.,.,.,.,.,.,.,.,.,.,.,.,.,.,.,.,.,.,.,.,.,.,.,.,.,.,.,.,
Crystal Methamphetamine,30 Day,10th Grade,.,.,.,.,.,.,.,.,.,.,.,.,.,.,.,.,.,.,.,.,.,.,.,.,.,.,.,.,.,.,.,.,.,.,.,.,.,.,.,.,.,.,.,.,.,.,.,.,.,.,.,.,.,
Crystal Methamphetamine,30 Day,12th Grade,.,.,.,.,.,.,.,.,.,.,.,.,.,.,.,0.6,0.6,0.5,0.6,0.7,1.1,1.1,0.8,1.2,0.8,1,1.1,1.2,0.8,0.8,0.9,0.7,0.6,0.6,0.5,0.6,0.6,0.4,0.8,0.4,0.3,0.4,0.5,0.4,0.4,0,0.2,0.3,0.2,0.1,-0.1,.,-0.1,
Sedatives,Lifetime,8th Grade,.,.,.,.,.,.,.,.,.,.,.,.,.,.,.,.,.,.,.,.,.,.,.,.,.,.,.,.,.,.,.,.,.,.,.,.,.,.,.,.,.,.,.,.,.,.,.,.,.,.,.,.,.,
Sedatives,Lifetime,10th Grade,.,.,.,.,.,.,.,.,.,.,.,.,.,.,.,.,.,.,.,.,.,.,.,.,.,.,.,.,.,.,.,.,.,.,.,.,.,.,.,.,.,.,.,.,.,.,.,.,.,.,.,.,.,
Sedatives,Lifetime,12th Grade,16.9,16.2,15.6,13.7,11.8,11,11.3,10.3,9.9,9.9,9.2,8.4,7.4,6.7,6.5,6.8,6.2,5.5,6.3,7,7.4,7.6,8.1,8.7,8.9,9.2,8.7,9.5,8.8&ddagger;,9.9,10.5,10.2,9.3,8.5,8.2,7.5,7,6.9,7.5,6.8,5.9,5.2,4.5,4.2,4.2,4.4,3.5,3.6,2.9,2.3,-0.5,.,-0.5,
Sedatives,12 Month,8th Grade,.,.,.,.,.,.,.,.,.,.,.,.,.,.,.,.,.,.,.,.,.,.,.,.,.,.,.,.,.,.,.,.,.,.,.,.,.,.,.,.,.,.,.,.,.,.,.,.,.,.,.,.,.,
Sedatives,12 Month,10th Grade,.,.,.,.,.,.,.,.,.,.,.,.,.,.,.,.,.,.,.,.,.,.,.,.,.,.,.,.,.,.,.,.,.,.,.,.,.,.,.,.,.,.,.,.,.,.,.,.,.,.,.,.,.,
Sedatives,12 Month,12th Grade,10.7,9.6,9.3,8.1,7.5,6.8,6.6,5.5,5.2,4.9,4.6,4.2,3.6,3.2,3.3,3.4,3.4,2.8,3.4,4.1,4.7,4.9,5.1,5.5,5.8,6.2,5.7,6.7,6&ddagger;,6.5,7.2,6.6,6.2,5.8,5.2,4.8,4.3,4.5,4.8,4.3,3.6,3,2.9,2.7,2.5,2.4,1.8,2,1.5,1,-0.5,.,-0.5,
Sedatives,30 Day,8th Grade,.,.,.,.,.,.,.,.,.,.,.,.,.,.,.,.,.,.,.,.,.,.,.,.,.,.,.,.,.,.,.,.,.,.,.,.,.,.,.,.,.,.,.,.,.,.,.,.,.,.,.,.,.,
Sedatives,30 Day,10th Grade,.,.,.,.,.,.,.,.,.,.,.,.,.,.,.,.,.,.,.,.,.,.,.,.,.,.,.,.,.,.,.,.,.,.,.,.,.,.,.,.,.,.,.,.,.,.,.,.,.,.,.,.,.,
Sedatives,30 Day,12th Grade,4.7,3.9,4.3,3.2,3.2,2.9,2.6,2,2.1,1.7,2,1.8,1.4,1.2,1.4,1.3,1.4,1.1,1.3,1.7,2.2,2.1,2.1,2.6,2.6,3,2.8,3.2,2.9&ddagger;,2.9,3.3,3,2.7,2.8,2.5,2.2,1.8,2,2.2,2,1.7,1.5,1.4,1.2,1.2,1.2,0.9,1.1,0.7,0.2,-0.4,s,-0.4*,*
Tranquilizers,Lifetime,8th Grade,.,.,.,.,.,.,.,.,.,.,.,.,.,.,.,.,3.8,4.1,4.4,4.6,4.5,5.3,4.8,4.6,4.4,4.4&ddagger;,5,4.3,4.4,4,4.1,4.3,3.9,3.9,3.9,4.4,3.4,3,2.9,2.9,3,3,3.4,3.5,4,3.9,2.5,3.1,2.3,2,-0.3,.,-0.3,
Tranquilizers,Lifetime,10th Grade,.,.,.,.,.,.,.,.,.,.,.,.,.,.,.,.,5.8,5.9,5.7,5.4,6,7.1,7.3,7.8,7.9,8&ddagger;,9.2,8.8,7.8,7.3,7.1,7.2,7.4,6.8,7,7.3,6.8,6.3,5.5,5.8,5.8,6.1,6,6,5.7,4.9,2.6,2.7,2.5,1.9,-0.6,.,-0.6,
Tranquilizers,Lifetime,12th Grade,17,16.8,18,17,16.3,15.2,14.7,14,13.3,12.4,11.9,10.9,10.9,9.4,7.6,7.2,7.2,6,6.4,6.6,7.1,7.2,7.8,8.5,9.3,8.9&ddagger;,10.3,11.4,10.2,10.6,9.9,10.3,9.5,8.9,9.3,8.5,8.7,8.5,7.7,7.4,6.9,7.6,7.5,6.6,6.1,7,3.3,3.3,2.7,2,-0.6,.,-0.6,
Tranquilizers,12 Month,8th Grade,.,.,.,.,.,.,.,.,.,.,.,.,.,.,.,.,1.8,2,2.1,2.4,2.7,3.3,2.9,2.6,2.5,2.6&ddagger;,2.8,2.6,2.7,2.5,2.8,2.6,2.4,2.4,2.6,2.8,2,1.8,1.8,1.7,1.7,1.7,2,2,2.4,2.2,1.1,1.4,0.9,0.7,-0.2,.,-0.2,
Tranquilizers,12 Month,10th Grade,.,.,.,.,.,.,.,.,.,.,.,.,.,.,.,.,3.2,3.5,3.3,3.3,4,4.6,4.9,5.1,5.4,5.6&ddagger;,7.3,6.3,5.3,5.1,4.8,5.2,5.3,4.6,5,5.1,4.5,4.3,3.7,3.9,3.9,4.1,4.1,3.9,3.4,2.6,1.3,1.5,1.2,0.8,-0.3,.,-0.3,
Tranquilizers,12 Month,12th Grade,10.6,10.3,10.8,9.9,9.6,8.7,8,7,6.9,6.1,6.1,5.8,5.5,4.8,3.8,3.5,3.6,2.8,3.5,3.7,4.4,4.6,4.7,5.5,5.8,5.7&ddagger;,6.9,7.7,6.7,7.3,6.8,6.6,6.2,6.2,6.3,5.6,5.6,5.3,4.6,4.7,4.7,4.9,4.7,3.9,3.4,3.2,1.2,1.5,1,0.4,-0.6,ss,-0.6**,**
Tranquilizers,30 Day,8th Grade,.,.,.,.,.,.,.,.,.,.,.,.,.,.,.,.,0.8,0.8,0.9,1.1,1.2,1.5,1.2,1.2,1.1,1.4&ddagger;,1.2,1.2,1.4,1.2,1.3,1.3,1.1,1.2,1.2,1.2,1,0.8,0.9,0.8,0.8,0.8,0.7,0.9,1.2,1.1,0.4,0.6,0.4,0.4,0,.,0,
Tranquilizers,30 Day,10th Grade,.,.,.,.,.,.,.,.,.,.,.,.,.,.,.,.,1.2,1.5,1.1,1.5,1.7,1.7,2.2,2.2,2.2,2.5&ddagger;,2.9,2.9,2.4,2.3,2.3,2.4,2.6,1.9,2,2.2,1.9,1.7,1.6,1.6,1.7,1.5,1.5,1.3,1.3,0.7,0.5,0.6,0.4,0.3,-0.1,.,-0.1,
Tranquilizers,30 Day,12th Grade,4.1,4,4.6,3.4,3.7,3.1,2.7,2.4,2.5,2.1,2.1,2.1,2,1.5,1.3,1.2,1.4,1,1.2,1.4,1.8,2,1.8,2.4,2.5,2.6&ddagger;,2.9,3.3,2.8,3.1,2.9,2.7,2.6,2.6,2.7,2.5,2.3,2.1,2,2.1,2,1.9,2,1.3,1.3,1,0.4,0.7,0.3,0.3,0,.,0,
Any Prescription Drug,Lifetime,8th Grade,.,.,.,.,.,.,.,.,.,.,.,.,.,.,.,.,.,.,.,.,.,.,.,.,.,.,.,.,.,.,.,.,.,.,.,.,.,.,.,.,.,.,.,.,.,.,.,.,.,.,.,.,.,
Any Prescription Drug,Lifetime,10th Grade,.,.,.,.,.,.,.,.,.,.,.,.,.,.,.,.,.,.,.,.,.,.,.,.,.,.,.,.,.,.,.,.,.,.,.,.,.,.,.,.,.,.,.,.,.,.,.,.,.,.,.,.,.,
Any Prescription Drug,Lifetime,12th Grade,.,.,.,.,.,.,.,.,.,.,.,.,.,.,.,.,.,.,.,.,.,.,.,.,.,.,.,.,.,.,24,23.9,22.2,21.5,20.9,21.6,21.7,21.2&ddagger;,22.2,19.9,18.3,18,16.5,15.5,14.6,14.2,8.8,9.3,8.5,7.1,-1.4,.,-1.4,
Any Prescription Drug,12 Month,8th Grade,.,.,.,.,.,.,.,.,.,.,.,.,.,.,.,.,.,.,.,.,.,.,.,.,.,.,.,.,.,.,.,.,.,.,.,.,.,.,.,.,.,.,.,.,.,.,.,.,.,.,.,.,.,
Any Prescription Drug,12 Month,10th Grade,.,.,.,.,.,.,.,.,.,.,.,.,.,.,.,.,.,.,.,.,.,.,.,.,.,.,.,.,.,.,.,.,.,.,.,.,.,.,.,.,.,.,.,.,.,.,.,.,.,.,.,.,.,
Any Prescription Drug,12 Month,12th Grade,.,.,.,.,.,.,.,.,.,.,.,.,.,.,.,.,.,.,.,.,.,.,.,.,.,.,.,.,.,.,17.1,16.8,15.8,15.4,14.4,15,15.2,14.8&ddagger;,15.9,13.9,12.9,12,10.9,9.9,8.6,7.6,4.4,5,4.2,3.3,-0.8,.,-0.8,
Any Prescription Drug,30 Day,8th Grade,.,.,.,.,.,.,.,.,.,.,.,.,.,.,.,.,.,.,.,.,.,.,.,.,.,.,.,.,.,.,.,.,.,.,.,.,.,.,.,.,.,.,.,.,.,.,.,.,.,.,.,.,.,
Any Prescription Drug,30 Day,10th Grade,.,.,.,.,.,.,.,.,.,.,.,.,.,.,.,.,.,.,.,.,.,.,.,.,.,.,.,.,.,.,.,.,.,.,.,.,.,.,.,.,.,.,.,.,.,.,.,.,.,.,.,.,.,
Any Prescription Drug,30 Day,12th Grade,.,.,.,.,.,.,.,.,.,.,.,.,.,.,.,.,.,.,.,.,.,.,.,.,.,.,.,.,.,.,8.6,8.1,7.8,7.2,7.3,6.9,7.2,7&ddagger;,7.1,6.4,5.9,5.4,4.9,4.5,3.6,3.3,2.1,2.6,2.1,1.7,-0.3,.,-0.3,
OTC Cough/Cold Medication,12 Month,8th Grade,.,.,.,.,.,.,.,.,.,.,.,.,.,.,.,.,.,.,.,.,.,.,.,.,.,.,.,.,.,.,.,4.2,4,3.6,3.8,3.2,2.7,3,2.9,2,1.6,2.6,2.1,2.8,3.2,4.6,3.5,3.2,4,4.4,0.3,.,0.3,
OTC Cough/Cold Medication,12 Month,10th Grade,.,.,.,.,.,.,.,.,.,.,.,.,.,.,.,.,.,.,.,.,.,.,.,.,.,.,.,.,.,.,.,5.3,5.4,5.3,6,5.1,5.5,4.7,4.3,3.7,3.3,3,3.6,3.3,2.6,3.3,2.7,3.9,3,4,1,.,1,
OTC Cough/Cold Medication,12 Month,12th Grade,.,.,.,.,.,.,.,.,.,.,.,.,.,.,.,.,.,.,.,.,.,.,.,.,.,.,.,.,.,.,.,6.9,5.8,5.5,5.9,6.6,5.3,5.6,5,4.1,4.6,4,3.2,3.4,2.5,3.2,1.7,2.4,2.4,2.8,0.4,.,0.4,
Rohypnol,Lifetime,8th Grade,.,.,.,.,.,.,.,.,.,.,.,.,.,.,.,.,.,.,.,.,.,1.5,1.1,1.4,1.3,1,1.1&ddagger;,0.8,1,1,1.1,1,1,0.7,0.7,0.9,2,1,0.7,0.6,0.8,0.9,0.6,0.7,0.6,&sect;,0.3,0.4,0.5,0.3,-0.2,.,-0.2,
Rohypnol,Lifetime,10th Grade,.,.,.,.,.,.,.,.,.,.,.,.,.,.,.,.,.,.,.,.,.,1.5,1.7,2,1.8,1.3,1.5&ddagger;,1.3,1,1.2,1,0.8,1.3,0.9,0.7,1.4,1.2,0.8,1.1,1,0.5,1,0.7,0.5,0.9,&sect;,0.6,0.2,0.6,0.2,-0.4,.,-0.4,
Rohypnol,Lifetime,12th Grade,.,.,.,.,.,.,.,.,.,.,.,.,.,.,.,.,.,.,.,.,.,1.2,1.8,3,2,1.5,1.7&ddagger;,.,.,.,.,.,.,.,.,.,.,.,.,.,.,.,.,.,.,.,.,.,.,.,.,.,0,
Rohypnol,12 Month,8th Grade,.,.,.,.,.,.,.,.,.,.,.,.,.,.,.,.,.,.,.,.,.,1,0.8,0.8,0.5,0.5,0.7&ddagger;,0.3,0.5,0.6,0.7,0.5,0.7,0.5,0.4,0.5,0.8,0.4,0.4,0.3,0.3,0.5,0.4,0.3,0.4,&sect;,0.2,0.2,0,0.3,0.3,.,0.3,
Rohypnol,12 Month,10th Grade,.,.,.,.,.,.,.,.,.,.,.,.,.,.,.,.,.,.,.,.,.,1.1,1.3,1.2,1,0.8,1&ddagger;,0.7,0.6,0.7,0.5,0.5,0.7,0.4,0.4,0.6,0.6,0.5,0.6,0.5,0.2,0.5,0.3,0.3,0.6,&sect;,0.2,0,0.1,0.1,0,.,0,
Rohypnol,12 Month,12th Grade,.,.,.,.,.,.,.,.,.,.,.,.,.,.,.,.,.,.,.,.,.,1.1,1.2,1.4,1,0.8,0.9&ddagger;,1.6,1.3,1.6,1.2,1.1,1,1.3,1,1.5,1.3,1.5,0.9,0.7,1,1.1,0.8,0.7,0.5,&sect;,0.4,0.7,0.2,0.6,0.4,.,0.4,
Rohypnol,30 Day,8th Grade,.,.,.,.,.,.,.,.,.,.,.,.,.,.,.,.,.,.,.,.,.,0.5,0.3,0.4,0.3,0.3,0.4&ddagger;,0.2,0.1,0.2,0.2,0.4,0.3,0.1,0.2,0.2,0.6,0.1,0.1,0.2,0.1,0.2,0.1,0.3,0.4,&sect;,0.1,0.2,0,0,0,.,0,
Rohypnol,30 Day,10th Grade,.,.,.,.,.,.,.,.,.,.,.,.,.,.,.,.,.,.,.,.,.,0.5,0.5,0.4,0.5,0.4,0.2&ddagger;,0.4,0.2,0.3,0.2,0.2,0.2,0.2,0.3,0.3,0.3,0.2,0.1,0.4,0.1,0.3,0,0.1,0.2,&sect;,0.1,0,0,0.2,0.2,.,0.2,
Rohypnol,30 Day,12th Grade,.,.,.,.,.,.,.,.,.,.,.,.,.,.,.,.,.,.,.,.,.,0.5,0.3,0.3,0.3,0.4,0.3&ddagger;,.,.,.,.,.,.,.,.,.,.,.,.,.,.,.,.,.,.,.,.,.,.,.,.,.,0,
GHB,12 Month,8th Grade,.,.,.,.,.,.,.,.,.,.,.,.,.,.,.,.,.,.,.,.,.,.,.,.,.,1.2,1.1,0.8,0.9,0.7,0.5,0.8,0.7,1.1,0.7,0.6,0.6,.,.,.,.,.,.,.,.,.,.,.,.,.,.,.,0,
GHB,12 Month,10th Grade,.,.,.,.,.,.,.,.,.,.,.,.,.,.,.,.,.,.,.,.,.,.,.,.,.,1.1,1,1.4,1.4,0.8,0.8,0.7,0.6,0.5,1,0.6,0.5,.,.,.,.,.,.,.,.,.,.,.,.,.,.,.,0,
GHB,12 Month,12th Grade,.,.,.,.,.,.,.,.,.,.,.,.,.,.,.,.,.,.,.,.,.,.,.,.,.,1.9,1.6,1.5,1.4,2,1.1,1.1,0.9,1.2,1.1,1.4,1.4,1.4,1,1,0.7,0.9,0.4,0.3,0.4,&sect;,0.4,0.5,0.3,0.4,0.2,.,0.2,
Ketamine,12 Month,8th Grade,.,.,.,.,.,.,.,.,.,.,.,.,.,.,.,.,.,.,.,.,.,.,.,.,.,1.6,1.3,1.3,1.1,0.9,0.6,0.9,1,1.2,1,1,0.8,.,.,.,.,.,.,.,.,.,.,.,.,.,.,.,0,
Ketamine,12 Month,10th Grade,.,.,.,.,.,.,.,.,.,.,.,.,.,.,.,.,.,.,.,.,.,.,.,.,.,2.1,2.1,2.2,1.9,1.3,1,1,0.8,1,1.3,1.1,1.2,.,.,.,.,.,.,.,.,.,.,.,.,.,.,.,0,
Ketamine,12 Month,12th Grade,.,.,.,.,.,.,.,.,.,.,.,.,.,.,.,.,.,.,.,.,.,.,.,.,.,2.5,2.5,2.6,2.1,1.9,1.6,1.4,1.3,1.5,1.7,1.6,1.7,1.5,1.4,1.5,1.4,1.2,1.2,0.7,0.7,1.3,0.9,1.2,1,0.9,-0.1,.,-0.1,
Alcohol,Lifetime,8th Grade,.,.,.,.,.,.,.,.,.,.,.,.,.,.,.,.,70.1,69.3&ddagger;,55.7,55.8,54.5,55.3,53.8,52.5,52.1,51.7,50.5,47,45.6,43.9,41,40.5,38.9,38.9,36.6,35.8,33.1,29.5,27.8,26.8,26.1,22.8,23.1,23.5,24.5,25.6,21.7,23.1,20.1,18.5,-1.5,.,-1.5,
Alcohol,Lifetime,10th Grade,.,.,.,.,.,.,.,.,.,.,.,.,.,.,.,.,83.8,82.3&ddagger;,71.6,71.1,70.5,71.8,72,69.8,70.6,71.4,70.1,66.9,66,64.2,63.2,61.5,61.7,58.3,59.1,58.2,56,54,52.1,49.3,47.1,43.4,42.2,43,43.1,46.4,34.7,41.1,35.8,32,-3.8,s,-3.8*,*
Alcohol,Lifetime,12th Grade,90.4,91.9,92.5,93.1,93,93.2,92.6,92.8,92.6,92.6,92.2,91.3,92.2,92,90.7,89.5,88,87.5&ddagger;,80,80.4,80.7,79.2,81.7,81.4,80,80.3,79.7,78.4,76.6,76.8,75.1,72.7,72.2,71.9,72.3,71,70,69.4,68.2,66,64,61.2,61.5,58.5,58.5,61.5,54.1,61.6,52.8,48.7,-4,ss,-4**,**
Alcohol,12 Month,8th Grade,.,.,.,.,.,.,.,.,.,.,.,.,.,.,.,.,54,53.7&ddagger;,45.4,46.8,45.3,46.5,45.5,43.7,43.5,43.1,41.9,38.7,37.2,36.7,33.9,33.6,31.8,32.1,30.3,29.3,26.9,23.6,22.1,20.8,21,17.6,18.2,18.7,19.3,20.5,17.2,15.2,15.1,12.9,-2.3,.,-2.3,
Alcohol,12 Month,10th Grade,.,.,.,.,.,.,.,.,.,.,.,.,.,.,.,.,72.3,70.2&ddagger;,63.4,63.9,63.5,65,65.2,62.7,63.7,65.3,63.5,60,59.3,58.2,56.7,55.8,56.3,52.5,52.8,52.1,49.8,48.5,47.1,44,41.9,38.3,37.7,37.8,37.7,40.7,28.5,31.3,30.6,26.1,-4.6,ss,-4.6**,**
Alcohol,12 Month,12th Grade,84.8,85.7,87,87.7,88.1,87.9,87,86.8,87.3,86,85.6,84.5,85.7,85.3,82.7,80.6,77.7,76.8&ddagger;,72.7,73,73.7,72.5,74.8,74.3,73.8,73.2,73.3,71.5,70.1,70.6,68.6,66.5,66.4,65.5,66.2,65.2,63.5,63.5,62,60.2,58.2,55.6,55.7,53.3,52.1,55.3,46.5,51.9,45.7,41.7,-4,s,-4*,*
Alcohol,30 Day,8th Grade,.,.,.,.,.,.,.,.,.,.,.,.,.,.,.,.,25.1,26.1&ddagger;,24.3,25.5,24.6,26.2,24.5,23,24,22.4,21.5,19.6,19.7,18.6,17.1,17.2,15.9,15.9,14.9,13.8,12.7,11,10.2,9,9.7,7.3,8,8.2,7.9,9.9,7.3,6,5.9,4.9,-1,.,-1,
Alcohol,30 Day,10th Grade,.,.,.,.,.,.,.,.,.,.,.,.,.,.,.,.,42.8,39.9&ddagger;,38.2,39.2,38.8,40.4,40.1,38.8,40,41,39,35.4,35.4,35.2,33.2,33.8,33.4,28.8,30.4,28.9,27.2,27.6,25.7,23.5,21.5,19.9,19.7,18.6,18.4,20.3,13.1,13.6,13.7,11.3,-2.3,ss,-2.3**,**
Alcohol,30 Day,12th Grade,68.2,68.3,71.2,72.1,71.8,72,70.7,69.7,69.4,67.2,65.9,65.3,66.4,63.9,60,57.1,54,51.3&ddagger;,48.6,50.1,51.3,50.8,52.7,52,51,50,49.8,48.6,47.5,48,47,45.3,44.4,43.1,43.5,41.2,40,41.5,39.2,37.4,35.3,33.2,33.2,30.2,29.3,33.6,25.8,28.4,24.3,21.7,-2.6,.,-2.6,
Alcohol,Daily,8th Grade,.,.,.,.,.,.,.,.,.,.,.,.,.,.,.,.,0.5,0.6&ddagger;,1,1,0.7,1,0.8,0.9,1,0.8,0.9,0.7,0.8,0.6,0.5,0.5,0.6,0.7,0.5,0.5,0.4,0.3,0.3,0.3,0.2,0.2,0.2,0.1,0.2,0.4,0.3,0.1,0.2,0.3,0.1,.,0.1,
Alcohol,Daily,10th Grade,.,.,.,.,.,.,.,.,.,.,.,.,.,.,.,.,1.3,1.2&ddagger;,1.8,1.7,1.7,1.6,1.7,1.9,1.9,1.8,1.9,1.8,1.5,1.3,1.3,1.4,1.4,1,1.1,1.1,0.8,1,0.9,0.8,0.5,0.5,0.6,0.5,0.6,1,0.4,0.4,0.4,0.6,0.2,.,0.2,
Alcohol,Daily,12th Grade,5.7,5.6,6.1,5.7,6.9,6,6,5.7,5.5,4.8,5,4.8,4.8,4.2,4.2,3.7,3.6,3.4&ddagger;,3.4,2.9,3.5,3.7,3.9,3.9,3.4,2.9,3.6,3.5,3.2,2.8,3.1,3,3.1,2.8,2.5,2.7,2.1,2.5,2.2,1.9,1.9,1.3,1.6,1.2,1.7,2.7,0.9,1.5,0.9,0.9,0,.,0,
Alcohol,5+ Drinks,8th Grade,.,.,.,.,.,.,.,.,.,.,.,.,.,.,.,.,10.9,11.3&ddagger;,11.3,12.1,12.3,13.3,12.3,11.5,13.1,11.7,11,10.3,9.8,9.4,8.4,8.7,8.3,8.1,7.8,7.2,6.4,5.1,5.1,4.1,4.6,3.4,3.7,3.7,3.8,4.5,2.8,2.2,2,1.7,-0.3,.,-0.3,
Alcohol,5+ Drinks,10th Grade,.,.,.,.,.,.,.,.,.,.,.,.,.,.,.,.,21,19.1&ddagger;,21,21.9,22,22.8,23.1,22.4,23.5,24.1,22.8,20.3,20,19.9,19,19.9,19.6,16,17.5,16.3,14.7,15.6,13.7,12.6,10.9,9.7,9.8,8.7,8.5,9.6,5.9,5.9,5.4,4.7,-0.7,.,-0.7,
Alcohol,5+ Drinks,12th Grade,36.8,37.1,39.4,40.3,41.2,41.2,41.4,40.5,40.8,38.7,36.7,36.8,37.5,34.7,33,32.2,29.8,27.9&ddagger;,27.5,28.2,29.8,30.2,31.3,31.5,30.8,30,29.7,28.6,27.9,29.2,27.1,25.4,25.9,24.6,25.2,23.2,21.6,23.7,22.1,19.4,17.2,15.5,16.6,13.8,14.4,16.8,11.8,12.6,10.2,8.8,-1.4,.,-1.4,
Alcohol,10+ Drinks,8th Grade,.,.,.,.,.,.,.,.,.,.,.,.,.,.,.,.,.,.,.,.,.,.,.,.,.,.,.,.,.,.,.,.,.,.,.,.,.,.,.,.,.,1.2,1.1,1.1,1.7,0.9,1,0.6,1.1,0.7,-0.3,.,-0.3,
Alcohol,10+ Drinks,10th Grade,.,.,.,.,.,.,.,.,.,.,.,.,.,.,.,.,.,.,.,.,.,.,.,.,.,.,.,.,.,.,.,.,.,.,.,.,.,.,.,.,.,3,3.6,3.3,3.3,2.5,2.1,1.9,2.1,1.6,-0.5,.,-0.5,
Alcohol,10+ Drinks,12th Grade,.,.,.,.,.,.,.,.,.,.,.,.,.,.,.,.,.,.,.,.,.,.,.,.,.,.,.,.,.,.,10.6,12.9,11.1,10.4,10.6,9.9,9.8,10.4,8.1,7.1,6.1,4.4,6,4.6,5.3,&sect;,3.2,4.3,2.2,3,0.7,.,0.7,
Alcohol,15+ Drinks,12th Grade,.,.,.,.,.,.,.,.,.,.,.,.,.,.,.,.,.,.,.,.,.,.,.,.,.,.,.,.,.,.,5.7,7.2,5.6,5.6,6,6.3,4.6,5.5,4.4,4.1,3.5,2.3,3.1,2.5,3.2,&sect;,1.3,2.4,1.7,1.7,0,.,0,
Been Drunk,Lifetime,8th Grade,.,.,.,.,.,.,.,.,.,.,.,.,.,.,.,.,26.7,26.8,26.4,25.9,25.3,26.8,25.2,24.8,24.8,25.1,23.4,21.3,20.3,19.9,19.5,19.5,17.9,18,17.4,16.3,14.8,12.8,12.2,10.8,10.9,8.6,9.2,9.2,10.1,10.1,8.3,8,7.3,6.7,-0.6,.,-0.6,
Been Drunk,Lifetime,10th Grade,.,.,.,.,.,.,.,.,.,.,.,.,.,.,.,.,50,47.7,47.9,47.2,46.9,48.5,49.4,46.7,48.9,49.3,48.2,44,42.4,42.3,42.1,41.4,41.2,37.2,38.6,36.9,35.9,34.6,33.5,30.2,28.6,26,25.1,26.2,25.5,28.8,17.8,19.8,17.6,15.3,-2.2,s,-2.2*,*
Been Drunk,Lifetime,12th Grade,.,.,.,.,.,.,.,.,.,.,.,.,.,.,.,.,65.4,63.4,62.5,62.9,63.2,61.8,64.2,62.4,62.3,62.3,63.9,61.6,58.1,60.3,57.5,56.4,55.1,54.7,56.5,54.1,51,54.2,52.3,49.8,46.7,46.3,45.3,42.9,40.8,41.7,38.9,36.7,32.7,33.2,0.5,.,0.5,
Been Drunk,12 Month,8th Grade,.,.,.,.,.,.,.,.,.,.,.,.,.,.,.,.,17.5,18.3,18.2,18.2,18.4,19.8,18.4,17.9,18.5,18.5,16.6,15,14.5,14.5,14.1,13.9,12.6,12.7,12.2,11.5,10.5,8.6,8.4,7.3,7.7,5.7,6.4,6.5,6.6,7.5,5.7,4.7,4.6,3.6,-1,.,-1,
Been Drunk,12 Month,10th Grade,.,.,.,.,.,.,.,.,.,.,.,.,.,.,.,.,40.1,37,37.8,38,38.5,40.1,40.7,38.3,40.9,41.6,39.9,35.4,34.7,35.1,34.2,34.5,34.4,30,31.2,29.9,28.8,28.2,27.1,24.6,23.4,20.5,20.4,20.9,20.2,23.1,13.4,14.6,13.1,11.1,-2,s,-2*,*
Been Drunk,12 Month,12th Grade,.,.,.,.,.,.,.,.,.,.,.,.,.,.,.,.,52.7,50.3,49.6,51.7,52.5,51.9,53.2,52,53.2,51.8,53.2,50.4,48,51.8,47.7,47.9,46.1,45.6,47,44,42.2,45,43.5,41.4,37.7,37.3,35.6,33.9,32.8,36.9,28.8,29.6,25.1,25.5,0.4,.,0.4,
Been Drunk,30 Day,8th Grade,.,.,.,.,.,.,.,.,.,.,.,.,.,.,.,.,7.6,7.5,7.8,8.7,8.3,9.6,8.2,8.4,9.4,8.3,7.7,6.7,6.7,6.2,6,6.2,5.5,5.4,5.4,5,4.4,3.6,3.5,2.7,3.1,1.8,2.2,2.1,2.6,3.4,2,1.5,1.5,1.5,-0.1,.,-0.1,
Been Drunk,30 Day,10th Grade,.,.,.,.,.,.,.,.,.,.,.,.,.,.,.,.,20.5,18.1,19.8,20.3,20.8,21.3,22.4,21.1,22.5,23.5,21.9,18.3,18.2,18.5,17.6,18.8,18.1,14.4,15.5,14.7,13.7,14.5,12.8,11.2,10.3,9,8.9,8.4,8.8,9.3,5.4,5.7,5.1,4.7,-0.4,.,-0.4,
Been Drunk,30 Day,12th Grade,.,.,.,.,.,.,.,.,.,.,.,.,.,.,.,.,31.6,29.9,28.9,30.8,33.2,31.3,34.2,32.9,32.9,32.3,32.7,30.3,30.9,32.5,30.2,30,28.7,27.6,27.4,26.8,25,28.1,26,23.5,20.6,20.4,19.1,17.5,17.5,19.8,15.5,16.8,12.5,12.5,-0.1,.,-0.1,
Been Drunk,Daily,8th Grade,.,.,.,.,.,.,.,.,.,.,.,.,.,.,.,.,0.1,0.1,0.2,0.3,0.2,0.2,0.2,0.3,0.4,0.3,0.2,0.3,0.2,0.2,0.2,0.2,0.2,0.2,0.2,0.2,0.1,0.1,0.1,0.1,0.1,0,0,0,0.1,0.2,0.1,0,0.1,0.1,-0.1,.,-0.1,
Been Drunk,Daily,10th Grade,.,.,.,.,.,.,.,.,.,.,.,.,.,.,.,.,0.2,0.3,0.4,0.4,0.6,0.4,0.6,0.6,0.7,0.5,0.6,0.5,0.5,0.4,0.4,0.5,0.5,0.3,0.4,0.3,0.2,0.4,0.3,0.3,0.1,0.1,0.2,0.2,0.2,0.3,0.1,0.2,0.2,0.2,0,.,0,
Been Drunk,Daily,12th Grade,.,.,.,.,.,.,.,.,.,.,.,.,.,.,.,.,0.9,0.8,0.9,1.2,1.3,1.6,2,1.5,1.9,1.7,1.4,1.2,1.6,1.8,1.5,1.6,1.3,1.4,1.1,1.6,1.3,1.5,1.3,1.1,0.8,0.8,1.1,0.7,1.1,0.8,0.4,0.8,0.5,0.7,0.2,.,0.2,
Beer,Lifetime,8th Grade,.,.,.,.,.,.,.,.,.,.,.,.,.,.,.,.,58.7,58.2,47.1,47.5,46.6,47.6,45.5,45.7,43.5,44.1,41.8,37.8,33.5,38.5,35.6,36,34.2,34.3,31,33,29.4,26.4,24.7,21.2,22.2,19.6,19.8,22,19.1,22,17,18.4,14.2,9.7,-4.4,ss,-4.4**,**
Beer,Lifetime,10th Grade,.,.,.,.,.,.,.,.,.,.,.,.,.,.,.,.,73.9,73.3,63.5,63.1,62.7,64.9,64.4,60.5,61.5,63.2,61,56.3,54.2,56.1,57,56,53.7,51.8,51.2,51.5,49.8,46.9,45.7,43.9,40.8,35.5,37.2,38.2,35.4,37.6,26.5,30.6,27.3,17.7,-9.6,sss,-9.6***,***
Beer,Lifetime,12th Grade,.,86.9,88.1,89,88.7,89.3,88.8,88.5,89.1,88.4,88.2,86.6,88.2,86.7,86.8,84.4,81.9,80.8,80.7,76,78.4,77.8,78.7,79.3,74.7,76.9,74.9,73.1,72.9,70.8,68.8,66.9,67.8,66,66.6,64.4,64,63.6,62,60.5,54.4,52.5,55.4,52.6,51.4,&sect;,46.7,47.8,42.3,31.7,-10.6,ss,-10.6**,**
Beer,12 Month,8th Grade,.,.,.,.,.,.,.,.,.,.,.,.,.,.,.,.,35.4,36.2,33.4,34,34,34.7,33.1,32,32.1,31.1,28.7,25.4,23.8,29.3,25.6,26.4,25.1,25,22.3,23.6,21.8,18.1,17,14.2,16.4,12.5,13.3,15.2,13.5,17.5,11.8,11,9.3,4.9,-4.4,ss,-4.4**,**
Beer,12 Month,10th Grade,.,.,.,.,.,.,.,.,.,.,.,.,.,.,.,.,55,52.7,50.3,50.6,51.2,53.2,52.3,47.9,49.6,51.4,48.5,43.4,41.7,47,45.8,46.1,43.8,41.8,42.3,41.7,39.3,37.7,37.1,34.8,33.2,27.6,29.2,29.9,27.2,30.8,19.4,20.8,19.3,11.5,-7.8,sss,-7.8***,***
Beer,12 Month,12th Grade,.,75.2,77,77,79.3,78.2,78,76.4,78.4,76.7,74.5,74,75.2,73.1,69.7,68.7,65.9,62.9,63.9,62.1,64.8,66.8,64.4,65,63.4,62.3,61.8,59.3,59.4,58.6,56,55.1,55.4,54.3,55.3,52.8,51.5,52.3,50.2,48.3,43.4,41.9,43.4,42.1,41.5,&sect;,32.1,33.6,31.7,23.2,-8.5,ss,-8.5**,**
Beer,30 Day,8th Grade,.,.,.,.,.,.,.,.,.,.,.,.,.,.,.,.,16.2,16.9,17.4,18.3,18.8,18.4,16.6,16.2,16.6,15.2,15,12.3,12,14.4,12.8,12.5,12.2,11.8,10,10.6,9.8,7.9,6.8,6.3,7.3,4.7,5.7,6.8,5.8,8.4,5.2,3.9,3.4,2,-1.4,.,-1.4,
Beer,30 Day,10th Grade,.,.,.,.,.,.,.,.,.,.,.,.,.,.,.,.,31.1,28.9,28.7,30.2,29.9,30.5,30.4,28.3,29.5,30.6,28,24.6,23.2,26.5,24.8,26.8,24.4,22.4,22.6,22.4,19.6,19.6,18.4,17.3,15.7,13,14,14.1,12.2,13.5,8.7,8.6,8.5,4.4,-4.1,sss,-4.1***,***
Beer,30 Day,12th Grade,.,59.8,62.1,62.3,63.7,62.9,62.7,60.3,61.7,59.5,56.7,55.5,56.2,53.3,51.4,47.2,47.2,42,43.4,42.6,44.9,46.9,44.4,45.6,42.7,42.7,41.4,39.7,37.8,38.3,38,35.5,36.6,33.7,34.9,31.7,29,32.2,30.8,28.6,25.4,23.6,25.5,21.8,21.9,&sect;,16.5,17.5,15.9,10.6,-5.3,ss,-5.3**,**
Beer,5+ Drinks,8th Grade,.,.,.,.,.,.,.,.,.,.,.,.,.,.,.,.,7.2,7.3,8.2,8.5,8.5,9.2,7.6,8,8.3,7.5,8.1,6.1,5.5,6.8,5.8,5.5,5.4,5.1,4.9,4.8,4.3,3.5,3,2.5,2.5,2,2.6,2.9,2.5,3.2,1.9,.,.,.,.,.,0,
Beer,5+ Drinks,10th Grade,.,.,.,.,.,.,.,.,.,.,.,.,.,.,.,.,16.4,15.1,16.1,17,17.1,17.9,17.5,16,18.1,17.5,16.3,14.1,13.8,13.6,13.1,14.5,13.7,10.8,11.3,10.9,10.3,10.4,9.1,8.2,7.4,5.6,6.4,6.8,5.4,6.1,3.9,.,.,.,.,.,0,
Beer,5+ Drinks,12th Grade,.,33,35.1,35.4,36.4,36.6,38,37.6,38.1,36.2,32,33.1,33.8,31,31.3,27,28.5,25.4,25.5,24.5,27.6,29.2,26.7,28.5,25.6,27.5,26.7,26.1,21.4,23.7,22.4,21.4,22,20.9,20.8,19.5,16.8,18.8,17.3,16.8,13.6,11.5,14.7,11.2,11.5,&sect;,8.8,.,.,.,.,.,0,
Liquor,Lifetime,8th Grade,.,.,.,.,.,.,.,.,.,.,.,.,.,.,.,.,.,.,.,.,.,.,.,.,.,.,.,.,.,.,.,.,.,.,.,.,.,.,.,.,.,.,.,.,.,.,.,.,.,.,.,.,.,
Liquor,Lifetime,10th Grade,.,.,.,.,.,.,.,.,.,.,.,.,.,.,.,.,.,.,.,.,.,.,.,.,.,.,.,.,.,.,.,.,.,.,.,.,.,.,.,.,.,.,.,.,.,.,.,.,.,.,.,.,.,
Liquor,Lifetime,12th Grade,.,79.8,81.3,84.4,82.3,83.7,82.5,83.7,83.8,82.1,79.7,80.3,81.4,78.1,77.6,74.8,72.2,71.2,70,70,69.7,73.1,72.7,76.6,74,72,70.7,72.2,71.1,69.9,68.2,67.1,66.1,69.3,67.2,64.2,64,64.2,63.1,60.9,56,54.2,58,52.7,50.5,&sect;,45.3,49.3,44.7,35.4,-9.3,ss,-9.3**,**
Liquor,12 Month,8th Grade,.,.,.,.,.,.,.,.,.,.,.,.,.,.,.,.,.,.,.,.,.,.,.,.,.,.,.,.,.,.,.,.,.,.,.,.,.,.,.,.,.,.,.,.,.,.,.,.,.,.,.,.,.,
Liquor,12 Month,10th Grade,.,.,.,.,.,.,.,.,.,.,.,.,.,.,.,.,.,.,.,.,.,.,.,.,.,.,.,.,.,.,.,.,.,.,.,.,.,.,.,.,.,.,.,.,.,.,.,.,.,.,.,.,.,
Liquor,12 Month,12th Grade,.,69.2,69.8,72.4,71.7,73.3,70.7,70.6,72,67.6,64.2,66,65.8,62.4,61.2,57.6,57.1,54.2,54.6,56.6,56.7,60.9,59.9,62.8,61.6,60.6,59.5,60.4,58.6,58.5,58.7,57.1,57,58.1,57.5,53.8,53.5,54.2,53.4,52.4,47.3,46.2,49,43.9,42.5,&sect;,36.4,39.6,36,29.4,-6.6,s,-6.6*,*
Liquor,30 Day,8th Grade,.,.,.,.,.,.,.,.,.,.,.,.,.,.,.,.,.,.,.,.,.,.,.,.,.,.,.,.,.,.,.,.,.,.,.,.,.,.,.,.,.,.,.,.,.,.,.,.,.,.,.,.,.,
Liquor,30 Day,10th Grade,.,.,.,.,.,.,.,.,.,.,.,.,.,.,.,.,.,.,.,.,.,.,.,.,.,.,.,.,.,.,.,.,.,.,.,.,.,.,.,.,.,.,.,.,.,.,.,.,.,.,.,.,.,
Liquor,30 Day,12th Grade,.,44.1,45,48.2,47.3,47.9,44.6,45.2,46.3,42.2,40,41,39,35.6,35.7,30.8,31.3,28.6,31.4,28,34.3,34.7,34.6,37.3,34.3,36,35.1,36,34.3,35.6,36.4,34.2,34.1,32.4,33.2,29.8,29.8,31.2,31,28.1,26.1,25.1,26.8,21.8,22.4,&sect;,18.2,20.6,19.2,16.4,-2.9,.,-2.9,
Liquor,5+ Drinks,8th Grade,.,.,.,.,.,.,.,.,.,.,.,.,.,.,.,.,.,.,.,.,.,.,.,.,.,.,.,.,.,.,.,.,.,.,.,.,.,.,.,.,.,.,.,.,.,.,.,.,.,.,.,.,.,
Liquor,5+ Drinks,10th Grade,.,.,.,.,.,.,.,.,.,.,.,.,.,.,.,.,.,.,.,.,.,.,.,.,.,.,.,.,.,.,.,.,.,.,.,.,.,.,.,.,.,.,.,.,.,.,.,.,.,.,.,.,.,
Liquor,5+ Drinks,12th Grade,.,19.8,19.9,22,22.8,23,21.3,23.8,22,21.3,19.6,21.4,20.5,18.2,20,16.8,17.4,16,18.2,17.1,20.2,21.6,21.1,23.6,22.3,23.8,22.7,25.6,21.1,23.8,25,23.3,22.9,22.1,21.5,20.3,18.3,22.1,21,18.2,16.7,14.6,18.8,12.9,14.6,&sect;,11.4,.,.,.,.,.,0,
Wine,Lifetime,8th Grade,.,.,.,.,.,.,.,.,.,.,.,.,.,.,.,.,.,.,.,.,.,.,.,.,.,.,.,.,.,.,.,.,.,.,.,.,.,.,.,.,.,.,.,.,.,.,.,.,.,.,.,.,.,
Wine,Lifetime,10th Grade,.,.,.,.,.,.,.,.,.,.,.,.,.,.,.,.,.,.,.,.,.,.,.,.,.,.,.,.,.,.,.,.,.,.,.,.,.,.,.,.,.,.,.,.,.,.,.,.,.,.,.,.,.,
Wine,Lifetime,12th Grade,.,85.4,86.7,87.2,85.4,87.9,86.4,85.8,87.7,85.4,85.9,84,86.5,76.6,74.9,70.2,67,65.2,64.2,62.1,62.8,62.5,63.9,63.7,62.6,63.9,59.1,56.6,55.8,55.4,52.1,50.1,51,49.3,46.5,43.3,45.1,43.5,42.9,42.2,36.1,35.5,38.9,33.7,35.1,&sect;,31.9,36.8,35.2,27.6,-7.6,s,-7.6*,*
Wine,12 Month,8th Grade,.,.,.,.,.,.,.,.,.,.,.,.,.,.,.,.,.,.,.,.,.,.,.,.,.,.,.,.,.,.,.,.,.,.,.,.,.,.,.,.,.,.,.,.,.,.,.,.,.,.,.,.,.,
Wine,12 Month,10th Grade,.,.,.,.,.,.,.,.,.,.,.,.,.,.,.,.,.,.,.,.,.,.,.,.,.,.,.,.,.,.,.,.,.,.,.,.,.,.,.,.,.,.,.,.,.,.,.,.,.,.,.,.,.,
Wine,12 Month,12th Grade,.,67,69,69.3,68.2,71.4,68.7,68.5,68.8,67.1,67.4,65.2,66.8,52.6,50.5,45.2,44,41.4,40.4,41.8,41.4,44.3,44.6,43.7,44.2,45.1,40.7,38.3,36.5,37.6,36.5,33.1,35.2,32.8,30.2,28.7,30.5,29.4,29.4,29.3,23.5,26.4,28.4,23.7,25.3,&sect;,21.1,25.6,23,16.4,-6.6,ss,-6.6**,**
Wine,30 Day,8th Grade,.,.,.,.,.,.,.,.,.,.,.,.,.,.,.,.,.,.,.,.,.,.,.,.,.,.,.,.,.,.,.,.,.,.,.,.,.,.,.,.,.,.,.,.,.,.,.,.,.,.,.,.,.,
Wine,30 Day,10th Grade,.,.,.,.,.,.,.,.,.,.,.,.,.,.,.,.,.,.,.,.,.,.,.,.,.,.,.,.,.,.,.,.,.,.,.,.,.,.,.,.,.,.,.,.,.,.,.,.,.,.,.,.,.,
Wine,30 Day,12th Grade,.,34.5,37.4,37.6,36.6,39.5,36.6,37.8,36,34.1,36,34.5,33.5,22.7,19.7,14.7,16.1,16.9,14.9,14.2,14.3,18.3,17,16,15.8,16.2,14.1,13.4,13.4,13.9,14.4,12.6,14.1,14,11.5,9.3,10.2,10.6,11.5,11.5,8.4,9.5,10.8,9.7,10.3,&sect;,8.5,9.7,7,6.2,-0.8,.,-0.8,
Wine,5+ Drinks,8th Grade,.,.,.,.,.,.,.,.,.,.,.,.,.,.,.,.,.,.,.,.,.,.,.,.,.,.,.,.,.,.,.,.,.,.,.,.,.,.,.,.,.,.,.,.,.,.,.,.,.,.,.,.,.,
Wine,5+ Drinks,10th Grade,.,.,.,.,.,.,.,.,.,.,.,.,.,.,.,.,.,.,.,.,.,.,.,.,.,.,.,.,.,.,.,.,.,.,.,.,.,.,.,.,.,.,.,.,.,.,.,.,.,.,.,.,.,
Wine,5+ Drinks,12th Grade,.,12.5,13.1,13.5,12.9,13.2,12.9,14.9,14.3,13,12.8,13.7,12.7,7.8,6.8,4.9,5.8,5.7,5.8,4.9,5.8,7,6.4,6.4,5,5.4,5.8,4.7,5,4.9,5.4,4.4,5.1,5,4,3.7,3.5,3.9,4,4.9,4.5,3.6,4.4,3.6,3.6,&sect;,3.2,.,.,.,.,.,0,
Flavored Alcoholic Beverages,Lifetime,8th Grade,.,.,.,.,.,.,.,.,.,.,.,.,.,.,.,.,.,.,.,.,.,.,.,.,.,.,.,.,.,37.9,35.5,35.5,34,32.8,29.4,30,27,23.5,21.9,19.2,19.3,16.3,16,18,15.1,18.3,13.8,16.2,12.4,8.6,-3.7,ss,-3.7**,**
Flavored Alcoholic Beverages,Lifetime,10th Grade,.,.,.,.,.,.,.,.,.,.,.,.,.,.,.,.,.,.,.,.,.,.,.,.,.,.,.,.,.,58.6,58.8,58.1,55.7,53.5,51.4,51.3,48.4,46.7,44.9,42.3,38.7,33.3,34.8,35.9,33.2,36.4,24.9,29,26.4,19,-7.4,sss,-7.4***,***
Flavored Alcoholic Beverages,Lifetime,12th Grade,.,.,.,.,.,.,.,.,.,.,.,.,.,.,.,.,.,.,.,.,.,.,.,.,.,.,.,.,.,71,73.6,69.9,68.4,65.5,67.4,62.6,62.4,60.5,58.9,57.5,55.6,53.6,51.2,50.4,44.7,&sect;,43.7,46.4,44.3,34.5,-9.8,sss,-9.8***,***
Flavored Alcoholic Beverages,12 Month,8th Grade,.,.,.,.,.,.,.,.,.,.,.,.,.,.,.,.,.,.,.,.,.,.,.,.,.,.,.,.,.,30.4,27.9,26.8,26,25,22.2,21.9,19.2,17,15.7,13.4,13.4,11.2,10.8,12.1,10.7,14.7,10.2,10.1,8.9,5.3,-3.6,sss,-3.6***,***
Flavored Alcoholic Beverages,12 Month,10th Grade,.,.,.,.,.,.,.,.,.,.,.,.,.,.,.,.,.,.,.,.,.,.,.,.,.,.,.,.,.,49.7,48.5,48.8,45.9,43.4,41.5,41,38.3,37.8,35.6,33.2,31.4,26.1,28.3,28.8,26.8,29.6,18.8,22,19.8,13.7,-6.1,sss,-6.1***,***
Flavored Alcoholic Beverages,12 Month,12th Grade,.,.,.,.,.,.,.,.,.,.,.,.,.,.,.,.,.,.,.,.,.,.,.,.,.,.,.,.,55.2,55.8,58.4,54.7,53.6,51.8,53.4,47.9,47,44.4,44.2,43.6,42.8,40,39.6,38.4,37.5,&sect;,32.1,37.5,36.1,27.3,-8.8,sss,-8.8***,***
Flavored Alcoholic Beverages,30 Day,8th Grade,.,.,.,.,.,.,.,.,.,.,.,.,.,.,.,.,.,.,.,.,.,.,.,.,.,.,.,.,.,14.6,12.9,13.1,12.2,10.2,9.5,9.4,8.6,7.6,6.3,5.7,5.5,4,4.4,4.9,4.5,6.6,4.6,3.9,3.2,2,-1.2,.,-1.2,
Flavored Alcoholic Beverages,30 Day,10th Grade,.,.,.,.,.,.,.,.,.,.,.,.,.,.,.,.,.,.,.,.,.,.,.,.,.,.,.,.,.,25.1,23.1,24.7,21.8,20.2,19,19.4,15.8,16.3,15.5,14,12.8,11,12.9,11.8,11.1,12.5,7.8,9.7,7.9,5.6,-2.3,s,-2.3*,*
Flavored Alcoholic Beverages,30 Day,12th Grade,.,.,.,.,.,.,.,.,.,.,.,.,.,.,.,.,.,.,.,.,.,.,.,.,.,.,.,.,.,31.1,30.5,29.3,29.1,27.4,27.4,24.1,23.1,21.8,21,19.9,20.8,18.3,20.2,18.1,18.5,&sect;,15.3,21.2,17.9,14.5,-3.4,.,-3.4,
Alcohol with Caffeine,12 Month,8th Grade,.,.,.,.,.,.,.,.,.,.,.,.,.,.,.,.,.,.,.,.,.,.,.,.,.,.,.,.,.,.,.,.,.,.,.,.,11.8,10.9,10.2,9.5,8.4,6.5,5.6,6,7.3,5.7,6.2,4.7,7.5,5.8,-1.7,.,-1.7,
Alcohol with Caffeine,12 Month,10th Grade,.,.,.,.,.,.,.,.,.,.,.,.,.,.,.,.,.,.,.,.,.,.,.,.,.,.,.,.,.,.,.,.,.,.,.,.,22.5,19.7,16.9,14.3,12.8,10.6,9.9,9.8,8.4,8.3,7.5,7.1,7.6,7.3,-0.3,.,-0.3,
Alcohol with Caffeine,12 Month,12th Grade,.,.,.,.,.,.,.,.,.,.,.,.,.,.,.,.,.,.,.,.,.,.,.,.,.,.,.,.,.,.,.,.,.,.,.,.,26.4,26.4,23.5,20,18.3,17,16.9,14.7,12.3,12.3,9.9,11.6,11.6,9.9,-1.7,.,-1.7,
Cigarettes,Lifetime,8th Grade,.,.,.,.,.,.,.,.,.,.,.,.,.,.,.,.,44,45.2,45.3,46.1,46.4,49.2,47.3,45.7,44.1,40.5,36.6,31.4,28.4,27.9,25.9,24.6,22.1,20.5,20.1,20,18.4,15.5,14.8,13.5,13.3,9.8,9.4,9.1,10,11.5,7,6.1,5.8,5.4,-0.4,.,-0.4,
Cigarettes,Lifetime,10th Grade,.,.,.,.,.,.,.,.,.,.,.,.,.,.,.,.,55.1,53.5,56.3,56.9,57.6,61.2,60.2,57.7,57.6,55.1,52.8,47.4,43,40.7,38.9,36.1,34.6,31.7,32.7,33,30.4,27.7,25.7,22.6,19.9,17.5,15.9,16,14.2,13.9,10,10.2,9.4,8.4,-1,.,-1,
Cigarettes,Lifetime,12th Grade,73.6,75.4,75.7,75.3,74,71,71,70.1,70.6,69.7,68.8,67.6,67.2,66.4,65.7,64.4,63.1,61.8,61.9,62,64.2,63.5,65.4,65.3,64.6,62.5,61,57.2,53.7,52.8,50,47.1,46.2,44.7,43.6,42.2,40,39.5,38.1,34.4,31.1,28.3,26.6,23.8,22.3,24,17.8,16.8,15,14.5,-0.5,.,-0.5,
Cigarettes,12 Month,8th Grade,.,.,.,.,.,.,.,.,.,.,.,.,.,.,.,.,.,.,.,.,.,.,.,.,.,.,.,.,.,.,.,.,.,.,.,.,.,.,.,.,.,.,.,.,.,.,.,.,.,1.9,.,.,0,
Cigarettes,12 Month,10th Grade,.,.,.,.,.,.,.,.,.,.,.,.,.,.,.,.,.,.,.,.,.,.,.,.,.,.,.,.,.,.,.,.,.,.,.,.,.,.,.,.,.,.,.,.,.,.,.,.,.,3.8,.,.,0,
Cigarettes,12 Month,12th Grade,.,.,.,.,.,.,.,.,.,.,.,.,.,.,.,.,.,.,.,.,.,.,.,.,.,.,.,.,.,.,.,.,.,.,.,.,.,.,.,.,.,.,.,.,.,.,.,.,.,7.1,.,.,0,
Cigarettes,30 Day,8th Grade,.,.,.,.,.,.,.,.,.,.,.,.,.,.,.,.,14.3,15.5,16.7,18.6,19.1,21,19.4,19.1,17.5,14.6,12.2,10.7,10.2,9.2,9.3,8.7,7.1,6.8,6.5,7.1,6.1,4.9,4.5,4,3.6,2.6,1.9,2.2,2.3,2.2,1.1,0.8,1.1,0.6,-0.5,s,-0.5*,*
Cigarettes,30 Day,10th Grade,.,.,.,.,.,.,.,.,.,.,.,.,.,.,.,.,20.8,21.5,24.7,25.4,27.9,30.4,29.8,27.6,25.7,23.9,21.3,17.7,16.7,16,14.9,14.5,14,12.3,13.1,13.6,11.8,10.8,9.1,7.2,6.3,4.9,5,4.2,3.4,3.2,1.8,1.7,2.3,1.5,-0.8,s,-0.8*,*
Cigarettes,30 Day,12th Grade,36.7,38.8,38.4,36.7,34.4,30.5,29.4,30,30.3,29.3,30.1,29.6,29.4,28.7,28.6,29.4,28.3,27.8,29.9,31.2,33.5,34,36.5,35.1,34.6,31.4,29.5,26.7,24.4,25,23.2,21.6,21.6,20.4,20.1,19.2,18.7,17.1,16.3,13.6,11.4,10.5,9.7,7.6,5.7,7.5,4.1,4,2.9,2.5,-0.4,.,-0.4,
Cigarettes,Daily,8th Grade,.,.,.,.,.,.,.,.,.,.,.,.,.,.,.,.,7.2,7,8.3,8.8,9.3,10.4,9,8.8,8.1,7.4,5.5,5.1,4.5,4.4,4,4,3,3.1,2.7,2.9,2.4,1.9,1.8,1.4,1.3,0.9,0.6,0.8,0.8,0.8,0.4,0.3,0.4,0.2,-0.2,.,-0.2,
Cigarettes,Daily,10th Grade,.,.,.,.,.,.,.,.,.,.,.,.,.,.,.,.,12.6,12.3,14.2,14.6,16.3,18.3,18,15.8,15.9,14,12.2,10.1,8.9,8.3,7.5,7.6,7.2,5.9,6.3,6.6,5.5,5,4.4,3.2,3,1.9,2.2,1.8,1.3,1.2,0.8,0.7,1,0.5,-0.5,s,-0.5*,*
Cigarettes,Daily,12th Grade,26.9,28.8,28.8,27.5,25.4,21.3,20.3,21.1,21.2,18.7,19.5,18.7,18.7,18.1,18.9,19.1,18.5,17.2,19,19.4,21.6,22.2,24.6,22.4,23.1,20.6,19,16.9,15.8,15.6,13.6,12.2,12.3,11.4,11.2,10.7,10.3,9.3,8.5,6.7,5.5,4.8,4.2,3.6,2.4,3.1,2,1.6,0.7,0.4,-0.3,s,-0.3*,*
Cigarettes,Half-Pack+/day,8th Grade,.,.,.,.,.,.,.,.,.,.,.,.,.,.,.,.,3.1,2.9,3.5,3.6,3.4,4.3,3.5,3.6,3.3,2.8,2.3,2.1,1.8,1.7,1.7,1.5,1.1,1.2,1,0.9,0.7,0.6,0.7,0.5,0.4,0.3,0.2,0.3,0.2,0.1,0.2,0.1,0.3,0.1,-0.2,.,-0.2,
Cigarettes,Half-Pack+/day,10th Grade,.,.,.,.,.,.,.,.,.,.,.,.,.,.,.,.,6.5,6,7,7.6,8.3,9.4,8.6,7.9,7.6,6.2,5.5,4.4,4.1,3.3,3.1,3.3,2.7,2,2.4,2.4,1.9,1.5,1.5,1.2,1,0.6,0.7,0.7,0.5,0.6,0.3,0.3,0.6,0.3,-0.3,.,-0.3,
Cigarettes,Half-Pack+/day,12th Grade,17.9,19.2,19.4,18.8,16.5,14.3,13.5,14.2,13.8,12.3,12.5,11.4,11.4,10.6,11.2,11.3,10.7,10,10.9,11.2,12.4,13,14.3,12.6,13.2,11.3,10.3,9.1,8.4,8,6.9,5.9,5.7,5.4,5,4.7,4.3,4,3.4,2.6,2.1,1.8,1.7,1.5,0.9,1.4,0.8,0.9,0.5,0.2,-0.3,ss,-0.3**,**
Tobacco with Hookah,12 Month,8th Grade,.,.,.,.,.,.,.,.,.,.,.,.,.,.,.,.,.,.,.,.,.,.,.,.,.,.,.,.,.,.,.,.,.,.,.,.,.,.,.,.,.,.,.,.,.,.,.,.,.,.,.,.,.,
Tobacco with Hookah,12 Month,10th Grade,.,.,.,.,.,.,.,.,.,.,.,.,.,.,.,.,.,.,.,.,.,.,.,.,.,.,.,.,.,.,.,.,.,.,.,.,.,.,.,.,.,.,.,.,.,.,.,.,.,.,.,.,.,
Tobacco with Hookah,12 Month,12th Grade,.,.,.,.,.,.,.,.,.,.,.,.,.,.,.,.,.,.,.,.,.,.,.,.,.,.,.,.,.,.,.,.,.,.,.,17.1,18.5,18.3,21.4,22.9,19.8,13,10.1,7.8,5.6,&sect;,2.1,3.3,2.7,2,-0.7,.,-0.7,
Tobacco with Hookah,30 Day,8th Grade,.,.,.,.,.,.,.,.,.,.,.,.,.,.,.,.,.,.,.,.,.,.,.,.,.,.,.,.,.,.,.,.,.,.,.,.,.,.,.,.,.,2.8,2.5,1.6,1.3,0.7,1.1,1,0.7,0.3,-0.4,.,-0.4,
Tobacco with Hookah,30 Day,10th Grade,.,.,.,.,.,.,.,.,.,.,.,.,.,.,.,.,.,.,.,.,.,.,.,.,.,.,.,.,.,.,.,.,.,.,.,.,.,.,.,.,.,4,3,2.4,2.4,1,0.7,1,0.5,0.7,0.2,.,0.2,
Tobacco with Hookah,30 Day,12th Grade,.,.,.,.,.,.,.,.,.,.,.,.,.,.,.,.,.,.,.,.,.,.,.,.,.,.,.,.,.,.,.,.,.,.,.,.,.,.,.,.,.,6.1,5,4.4,4,&sect;,1.7,2.1,1.3,1.5,0.2,.,0.2,
Cigarillos (Small Cigars),12 Month,8th Grade,.,.,.,.,.,.,.,.,.,.,.,.,.,.,.,.,.,.,.,.,.,.,.,.,.,.,.,.,.,.,.,.,.,.,.,.,.,.,.,.,.,.,.,.,.,.,.,.,.,.,.,.,.,
Cigarillos (Small Cigars),12 Month,10th Grade,.,.,.,.,.,.,.,.,.,.,.,.,.,.,.,.,.,.,.,.,.,.,.,.,.,.,.,.,.,.,.,.,.,.,.,.,.,.,.,.,.,.,.,.,.,.,.,.,.,.,.,.,.,
Cigarillos (Small Cigars),12 Month,12th Grade,.,.,.,.,.,.,.,.,.,.,.,.,.,.,.,.,.,.,.,.,.,.,.,.,.,.,.,.,.,.,.,.,.,.,.,23.1,19.5,19.9,20.4,18.9,15.9,15.6,13.3,9.2,7.8,&sect;,3.4,5.6,4.4,3.1,-1.3,.,-1.3,
Flavored Little Cigars,30 Day,8th Grade,.,.,.,.,.,.,.,.,.,.,.,.,.,.,.,.,.,.,.,.,.,.,.,.,.,.,.,.,.,.,.,.,.,.,.,.,.,.,.,4.1,4.1,2.8,2.6,2.6,2.2,2.3,1,0.7,0.6,0.3,-0.3,.,-0.3,
Flavored Little Cigars,30 Day,10th Grade,.,.,.,.,.,.,.,.,.,.,.,.,.,.,.,.,.,.,.,.,.,.,.,.,.,.,.,.,.,.,.,.,.,.,.,.,.,.,.,6.9,6.1,4.9,4,5.3,3.7,3,1.5,1.4,1.2,0.5,-0.7,s,-0.7*,*
Flavored Little Cigars,30 Day,12th Grade,.,.,.,.,.,.,.,.,.,.,.,.,.,.,.,.,.,.,.,.,.,.,.,.,.,.,.,.,.,.,.,.,.,.,.,.,.,.,.,11.9,11.4,9.5,10.1,8.9,7.7,&sect;,2.4,2.7,2,1.9,-0.1,.,-0.1,
Regular Small Cigars,30 Day,8th Grade,.,.,.,.,.,.,.,.,.,.,.,.,.,.,.,.,.,.,.,.,.,.,.,.,.,.,.,.,.,.,.,.,.,.,.,.,.,.,.,2.5,3.3,1.9,1.6,1.6,1.6,1.4,0.8,0.8,0.8,0.3,-0.4,.,-0.4,
Regular Small Cigars,30 Day,10th Grade,.,.,.,.,.,.,.,.,.,.,.,.,.,.,.,.,.,.,.,.,.,.,.,.,.,.,.,.,.,.,.,.,.,.,.,.,.,.,.,4.4,3.8,3,3,3.1,2.6,2.4,1.2,1.1,0.5,0.6,0.1,.,0.1,
Regular Small Cigars,30 Day,12th Grade,.,.,.,.,.,.,.,.,.,.,.,.,.,.,.,.,.,.,.,.,.,.,.,.,.,.,.,.,.,.,.,.,.,.,.,.,.,.,.,7,7.8,6.1,6.6,5.8,4.9,&sect;,1.8,2.2,1.9,1.7,-0.2,.,-0.2,
Large Cigars,12 Month,8th Grade,.,.,.,.,.,.,.,.,.,.,.,.,.,.,.,.,.,.,.,.,.,.,.,.,.,.,.,.,.,.,.,.,.,.,.,.,.,.,.,1.9,2.4,1.5,1.5,1.7,1.3,1.5,1.1,0.5,1,0.2,-0.7,s,-0.7*,*
Large Cigars,12 Month,10th Grade,.,.,.,.,.,.,.,.,.,.,.,.,.,.,.,.,.,.,.,.,.,.,.,.,.,.,.,.,.,.,.,.,.,.,.,.,.,.,.,3.9,3.4,2.3,2.6,2.8,2.1,1.2,1.3,0.8,0.3,0.7,0.4,s,0.4*,*
Large Cigars,12 Month,12th Grade,.,.,.,.,.,.,.,.,.,.,.,.,.,.,.,.,.,.,.,.,.,.,.,.,.,.,.,.,.,.,.,.,.,.,.,.,.,.,.,6.4,7,6.5,5.6,5.2,5.3,&sect;,2.3,2.3,1.8,1.6,-0.2,.,-0.2,
Smokeless Tobacco,Lifetime,8th Grade,.,.,.,.,.,.,.,.,.,.,.,.,.,.,.,.,22.2,20.7,18.7,19.9,20,20.4,16.8,15,14.4,12.8,11.7,11.2,11.3,11,10.1,10.2,9.1,9.8,9.6,9.9,9.7,8.1,7.9,8,8.6,6.9,6.2,6.4,7.1,7.8,4.6,3.9,4.5,3.7,-0.8,.,-0.8,
Smokeless Tobacco,Lifetime,10th Grade,.,.,.,.,.,.,.,.,.,.,.,.,.,.,.,.,28.2,26.6,28.1,29.2,27.6,27.4,26.3,22.7,20.4,19.1,19.5,16.9,14.6,13.8,14.5,15,15.1,12.2,15.2,16.8,15.6,15.4,14,13.6,12.3,10.2,9.1,10,9.2,9.3,4.9,5.8,5.5,4.6,-0.9,.,-0.9,
Smokeless Tobacco,Lifetime,12th Grade,.,.,.,.,.,.,.,.,.,.,.,31.4,32.2,30.4,29.2,.,.,32.4,31,30.7,30.9,29.8,25.3,26.2,23.4,23.1,19.7,18.3,17,16.7,17.5,15.2,15.1,15.6,16.3,17.6,16.9,17.4,17.2,15.1,13.2,14.2,11,10.1,9.8,&sect;,8.6,10.3,7.8,7.7,-0.1,.,-0.1,
Smokeless Tobacco,30 Day,8th Grade,.,.,.,.,.,.,.,.,.,.,.,.,.,.,.,.,6.9,7,6.6,7.7,7.1,7.1,5.5,4.8,4.5,4.2,4,3.3,4.1,4.1,3.3,3.7,3.2,3.5,3.7,4.1,3.5,2.8,2.8,3,3.2,2.5,1.7,2.1,2.5,2.3,1.6,1.2,1.6,1.5,-0.1,.,-0.1,
Smokeless Tobacco,30 Day,10th Grade,.,.,.,.,.,.,.,.,.,.,.,.,.,.,.,.,10,9.6,10.4,10.5,9.7,8.6,8.9,7.5,6.5,6.1,6.9,6.1,5.3,4.9,5.6,5.7,6.1,5,6.5,7.5,6.6,6.4,6.4,5.3,4.9,3.5,3.8,3.9,3.2,3.5,1.7,2.5,2.3,2.1,-0.2,.,-0.2,
Smokeless Tobacco,30 Day,12th Grade,.,.,.,.,.,.,.,.,.,.,.,11.5,11.3,10.3,8.4,.,.,11.4,10.7,11.1,12.2,9.8,9.7,8.8,8.4,7.6,7.8,6.5,6.7,6.7,7.6,6.1,6.6,6.5,8.4,8.5,8.3,7.9,8.1,8.4,6.1,6.6,4.9,4.2,3.5,&sect;,2.2,3.2,2.5,3.3,0.9,.,0.9,
Smokeless Tobacco,Daily,8th Grade,.,.,.,.,.,.,.,.,.,.,.,.,.,.,.,.,1.6,1.8,1.5,1.9,1.2,1.5,1,1,0.9,0.9,1.2,0.8,0.8,1,0.7,0.7,0.8,0.8,0.8,0.9,0.8,0.5,0.5,0.5,0.8,0.6,0.4,0.3,0.5,0.5,0.4,0.3,0.5,0.2,-0.3,.,-0.3,
Smokeless Tobacco,Daily,10th Grade,.,.,.,.,.,.,.,.,.,.,.,.,.,.,.,.,3.3,3,3.3,3,2.7,2.2,2.2,2.2,1.5,1.9,2.2,1.7,1.8,1.6,1.9,1.7,1.6,1.4,1.9,2.5,1.7,2,1.9,1.8,1.6,1,0.6,1,0.9,0.7,0.4,0.7,0.5,0.5,0,.,0,
Smokeless Tobacco,Daily,12th Grade,.,.,.,.,.,.,.,.,.,.,.,4.7,5.1,4.3,3.3,.,.,4.3,3.3,3.9,3.6,3.3,4.4,3.2,2.9,3.2,2.8,2,2.2,2.8,2.5,2.2,2.8,2.7,2.9,3.1,3.1,3.2,3,3.4,2.9,2.7,2,1.6,1.1,&sect;,0.7,1.1,0.4,0.9,0.5,.,0.5,
Vaping Nicotine (E-cigarettes),Lifetime,8th Grade,.,.,.,.,.,.,.,.,.,.,.,.,.,.,.,.,.,.,.,.,.,.,.,.,.,.,.,.,.,.,.,.,.,.,.,.,.,.,.,.,.,.,10.6,13.5,20.3,22.7,16.6,17,16.5,15.6,-0.9,.,-0.9,
Vaping Nicotine (E-cigarettes),Lifetime,10th Grade,.,.,.,.,.,.,.,.,.,.,.,.,.,.,.,.,.,.,.,.,.,.,.,.,.,.,.,.,.,.,.,.,.,.,.,.,.,.,.,.,.,.,21.4,28.6,36.3,38.7,28.4,28.2,25.1,22.6,-2.4,.,-2.4,
Vaping Nicotine (E-cigarettes),Lifetime,12th Grade,.,.,.,.,.,.,.,.,.,.,.,.,.,.,.,.,.,.,.,.,.,.,.,.,.,.,.,.,.,.,.,.,.,.,.,.,.,.,.,.,.,.,25,34,40.8,44.3,38.7,38.8,33.5,31.3,-2.2,.,-2.2,
Vaping Nicotine (E-cigarettes),12 Month,8th Grade,.,.,.,.,.,.,.,.,.,.,.,.,.,.,.,.,.,.,.,.,.,.,.,.,.,.,.,.,.,.,.,.,.,.,.,.,.,.,.,.,.,.,7.5,10.9,16.5,16.6,12.1,12,11.4,9.6,-1.8,.,-1.8,
Vaping Nicotine (E-cigarettes),12 Month,10th Grade,.,.,.,.,.,.,.,.,.,.,.,.,.,.,.,.,.,.,.,.,.,.,.,.,.,.,.,.,.,.,.,.,.,.,.,.,.,.,.,.,.,.,15.8,24.7,30.7,30.7,19.5,20.5,17.6,15.4,-2.2,s,-2.2*,*
Vaping Nicotine (E-cigarettes),12 Month,12th Grade,.,.,.,.,.,.,.,.,.,.,.,.,.,.,.,.,.,.,.,.,.,.,.,.,.,.,.,.,.,.,.,.,.,.,.,.,.,.,.,.,.,.,18.8,29.7,35.3,34.5,26.6,27.3,23.2,21,-2.2,.,-2.2,
Vaping Nicotine (E-cigarettes),30 Day,8th Grade,.,.,.,.,.,.,.,.,.,.,.,.,.,.,.,.,.,.,.,.,.,.,.,.,.,.,.,.,.,.,.,.,.,.,.,.,.,.,.,.,.,.,3.5,6.1,9.6,10.5,7.6,7.1,7,5.7,-1.3,.,-1.3,
Vaping Nicotine (E-cigarettes),30 Day,10th Grade,.,.,.,.,.,.,.,.,.,.,.,.,.,.,.,.,.,.,.,.,.,.,.,.,.,.,.,.,.,.,.,.,.,.,.,.,.,.,.,.,.,.,8.2,16.1,19.9,19.3,13.1,14.2,11.9,9.8,-2.1,ss,-2.1**,**
Vaping Nicotine (E-cigarettes),30 Day,12th Grade,.,.,.,.,.,.,.,.,.,.,.,.,.,.,.,.,.,.,.,.,.,.,.,.,.,.,.,.,.,.,.,.,.,.,.,.,.,.,.,.,.,.,11,20.9,25.5,24.7,19.6,20.7,16.9,15,-1.9,.,-1.9,
Vaping Nicotine (E-cigarettes),Daily,8th Grade,.,.,.,.,.,.,.,.,.,.,.,.,.,.,.,.,.,.,.,.,.,.,.,.,.,.,.,.,.,.,.,.,.,.,.,.,.,.,.,.,.,.,.,.,2&ddagger;,0.8,1.1,1.2,1.4,0.8,-0.6,.,-0.6,
Vaping Nicotine (E-cigarettes),Daily,10th Grade,.,.,.,.,.,.,.,.,.,.,.,.,.,.,.,.,.,.,.,.,.,.,.,.,.,.,.,.,.,.,.,.,.,.,.,.,.,.,.,.,.,.,.,.,6.8&ddagger;,3,2.5,3.3,2.4,2.7,0.3,.,0.3,
Vaping Nicotine (E-cigarettes),Daily,12th Grade,.,.,.,.,.,.,.,.,.,.,.,.,.,.,.,.,.,.,.,.,.,.,.,.,.,.,.,.,.,.,.,.,.,.,.,.,.,.,.,.,.,.,.,.,11.6&ddagger;,5.2,5.4,6.2,5.8,5.2,-0.6,.,-0.6,
Vaping Marijuana (Cannabis),Lifetime,8th Grade,.,.,.,.,.,.,.,.,.,.,.,.,.,.,.,.,.,.,.,.,.,.,.,.,.,.,.,.,.,.,.,.,.,.,.,.,.,.,.,.,.,.,4,5.5,9,10.2,6.5,7.7,8.4,8.6,0.1,.,0.1,
Vaping Marijuana (Cannabis),Lifetime,10th Grade,.,.,.,.,.,.,.,.,.,.,.,.,.,.,.,.,.,.,.,.,.,.,.,.,.,.,.,.,.,.,.,.,.,.,.,.,.,.,.,.,.,.,9.8,14.2,21.8,22.7,16.5,18.6,16.8,15.2,-1.6,.,-1.6,
Vaping Marijuana (Cannabis),Lifetime,12th Grade,.,.,.,.,.,.,.,.,.,.,.,.,.,.,.,.,.,.,.,.,.,.,.,.,.,.,.,.,.,.,.,.,.,.,.,.,.,.,.,.,.,.,11.9,15.6,23.7,27.9,25.7,27.5,25.5,23.8,-1.7,.,-1.7,
Vaping Marijuana (Cannabis),12 Month,8th Grade,.,.,.,.,.,.,.,.,.,.,.,.,.,.,.,.,.,.,.,.,.,.,.,.,.,.,.,.,.,.,.,.,.,.,.,.,.,.,.,.,.,.,3,4.4,7,8.1,4.7,6,6.5,5.6,-0.9,.,-0.9,
Vaping Marijuana (Cannabis),12 Month,10th Grade,.,.,.,.,.,.,.,.,.,.,.,.,.,.,.,.,.,.,.,.,.,.,.,.,.,.,.,.,.,.,.,.,.,.,.,.,.,.,.,.,.,.,8.1,12.4,19.4,19.1,12.4,15,13.1,11.6,-1.5,.,-1.5,
Vaping Marijuana (Cannabis),12 Month,12th Grade,.,.,.,.,.,.,.,.,.,.,.,.,.,.,.,.,.,.,.,.,.,.,.,.,.,.,.,.,.,.,.,.,.,.,.,.,.,.,.,.,.,.,9.5,13.1,20.8,22.1,18.3,20.6,19.6,17.6,-2,.,-2,
Vaping Marijuana (Cannabis),30 Day,8th Grade,.,.,.,.,.,.,.,.,.,.,.,.,.,.,.,.,.,.,.,.,.,.,.,.,.,.,.,.,.,.,.,.,.,.,.,.,.,.,.,.,.,.,1.6,2.6,3.9,4.2,2.9,4.2,4.2,3.8,-0.4,.,-0.4,
Vaping Marijuana (Cannabis),30 Day,10th Grade,.,.,.,.,.,.,.,.,.,.,.,.,.,.,.,.,.,.,.,.,.,.,.,.,.,.,.,.,.,.,.,.,.,.,.,.,.,.,.,.,.,.,4.3,7,12.6,11.3,8.4,10.3,8.5,7.7,-0.8,.,-0.8,
Vaping Marijuana (Cannabis),30 Day,12th Grade,.,.,.,.,.,.,.,.,.,.,.,.,.,.,.,.,.,.,.,.,.,.,.,.,.,.,.,.,.,.,.,.,.,.,.,.,.,.,.,.,.,.,4.9,7.5,14,12.2,12.4,14.8,13.7,12.1,-1.6,.,-1.6,
Vaping Marijuana (Cannabis),Daily,8th Grade,.,.,.,.,.,.,.,.,.,.,.,.,.,.,.,.,.,.,.,.,.,.,.,.,.,.,.,.,.,.,.,.,.,.,.,.,.,.,.,.,.,.,.,.,0.8&ddagger;,0.2,0.4,0.6,0.8,0.4,-0.4,.,-0.4,
Vaping Marijuana (Cannabis),Daily,10th Grade,.,.,.,.,.,.,.,.,.,.,.,.,.,.,.,.,.,.,.,.,.,.,.,.,.,.,.,.,.,.,.,.,.,.,.,.,.,.,.,.,.,.,.,.,3&ddagger;,0.9,1.2,1.3,0.9,1.3,0.3,.,0.3,
Vaping Marijuana (Cannabis),Daily,12th Grade,.,.,.,.,.,.,.,.,.,.,.,.,.,.,.,.,.,.,.,.,.,.,.,.,.,.,.,.,.,.,.,.,.,.,.,.,.,.,.,.,.,.,.,.,3.5&ddagger;,1.6,1.7,2.1,2.2,1.8,-0.3,.,-0.3,
Vaping Flavoring,Lifetime,8th Grade,.,.,.,.,.,.,.,.,.,.,.,.,.,.,.,.,.,.,.,.,.,.,.,.,.,.,.,.,.,.,.,.,.,.,.,.,.,.,.,.,.,.,17,19.4,18.9,17.8,12,12.8,12.8,11.5,-1.3,.,-1.3,
Vaping Flavoring,Lifetime,10th Grade,.,.,.,.,.,.,.,.,.,.,.,.,.,.,.,.,.,.,.,.,.,.,.,.,.,.,.,.,.,.,.,.,.,.,.,.,.,.,.,.,.,.,27.5,31.7,28.3,27.7,19.6,18.5,17.4,13.9,-3.5,sss,-3.5***,***
Vaping Flavoring,Lifetime,12th Grade,.,.,.,.,.,.,.,.,.,.,.,.,.,.,.,.,.,.,.,.,.,.,.,.,.,.,.,.,.,.,.,.,.,.,.,.,.,.,.,.,.,.,30.7,34.1,29,29.8,25.2,23.7,21.7,18,-3.7,ss,-3.7**,**
Vaping Flavoring,12 Month,8th Grade,.,.,.,.,.,.,.,.,.,.,.,.,.,.,.,.,.,.,.,.,.,.,.,.,.,.,.,.,.,.,.,.,.,.,.,.,.,.,.,.,.,.,11.8,15.1,14.7,12.3,7.7,8.2,7.7,6.4,-1.3,.,-1.3,
Vaping Flavoring,12 Month,10th Grade,.,.,.,.,.,.,.,.,.,.,.,.,.,.,.,.,.,.,.,.,.,.,.,.,.,.,.,.,.,.,.,.,.,.,.,.,.,.,.,.,.,.,19.3,24.7,20.8,18.4,10.6,11.3,10.5,8.1,-2.4,ss,-2.4**,**
Vaping Flavoring,12 Month,12th Grade,.,.,.,.,.,.,.,.,.,.,.,.,.,.,.,.,.,.,.,.,.,.,.,.,.,.,.,.,.,.,.,.,.,.,.,.,.,.,.,.,.,.,20.6,25.7,20.3,16.6,11.7,11.8,11.7,9.5,-2.2,s,-2.2*,*
Vaping Flavoring,30 Day,8th Grade,.,.,.,.,.,.,.,.,.,.,.,.,.,.,.,.,.,.,.,.,.,.,.,.,.,.,.,.,.,.,.,.,.,.,.,.,.,.,.,.,.,.,5.3,8.1,7.7,6.8,4.6,4.9,4.5,3.9,-0.6,.,-0.6,
Vaping Flavoring,30 Day,10th Grade,.,.,.,.,.,.,.,.,.,.,.,.,.,.,.,.,.,.,.,.,.,.,.,.,.,.,.,.,.,.,.,.,.,.,.,.,.,.,.,.,.,.,9.2,13.1,10.5,10.4,6.3,7.4,6.7,5,-1.7,ss,-1.7**,**
Vaping Flavoring,30 Day,12th Grade,.,.,.,.,.,.,.,.,.,.,.,.,.,.,.,.,.,.,.,.,.,.,.,.,.,.,.,.,.,.,.,.,.,.,.,.,.,.,.,.,.,.,9.7,13.5,10.7,8.4,7.4,8.3,8.1,6.8,-1.3,.,-1.3,
Vaping Flavoring,Daily,8th Grade,.,.,.,.,.,.,.,.,.,.,.,.,.,.,.,.,.,.,.,.,.,.,.,.,.,.,.,.,.,.,.,.,.,.,.,.,.,.,.,.,.,.,.,.,1.2&ddagger;,0.4,0.5,0.6,0.7,0.4,-0.3,s,-0.3*,*
Vaping Flavoring,Daily,10th Grade,.,.,.,.,.,.,.,.,.,.,.,.,.,.,.,.,.,.,.,.,.,.,.,.,.,.,.,.,.,.,.,.,.,.,.,.,.,.,.,.,.,.,.,.,2&ddagger;,1.2,0.9,1,1,1,0,.,0,
Vaping Flavoring,Daily,12th Grade,.,.,.,.,.,.,.,.,.,.,.,.,.,.,.,.,.,.,.,.,.,.,.,.,.,.,.,.,.,.,.,.,.,.,.,.,.,.,.,.,.,.,.,.,2.8&ddagger;,1.4,0.8,1.7,1.6,1.5,-0.1,.,-0.1,
Vaping Flavoring without Nicotine,Lifetime,8th Grade,.,.,.,.,.,.,.,.,.,.,.,.,.,.,.,.,.,.,.,.,.,.,.,.,.,.,.,.,.,.,.,.,.,.,.,.,.,.,.,.,.,.,7.8,7.8,3.6,1.3,0.8,1.1,0.8,1,0.2,.,0.2,
Vaping Flavoring without Nicotine,Lifetime,10th Grade,.,.,.,.,.,.,.,.,.,.,.,.,.,.,.,.,.,.,.,.,.,.,.,.,.,.,.,.,.,.,.,.,.,.,.,.,.,.,.,.,.,.,9,7.6,3.7,1.6,0.9,0.7,0.5,0.6,0.1,.,0.1,
Vaping Flavoring without Nicotine,Lifetime,12th Grade,.,.,.,.,.,.,.,.,.,.,.,.,.,.,.,.,.,.,.,.,.,.,.,.,.,.,.,.,.,.,.,.,.,.,.,.,.,.,.,.,.,.,10.1,7.6,3.7,2.1,1.1,0.9,0.9,0.9,0.1,.,0.1,
Vaping Flavoring without Nicotine,12 Month,8th Grade,.,.,.,.,.,.,.,.,.,.,.,.,.,.,.,.,.,.,.,.,.,.,.,.,.,.,.,.,.,.,.,.,.,.,.,.,.,.,.,.,.,.,5.5,6.2,3,2,1,1.2,1.2,0.9,-0.3,.,-0.3,
Vaping Flavoring without Nicotine,12 Month,10th Grade,.,.,.,.,.,.,.,.,.,.,.,.,.,.,.,.,.,.,.,.,.,.,.,.,.,.,.,.,.,.,.,.,.,.,.,.,.,.,.,.,.,.,7,6.4,2.9,2,1,1,0.7,0.6,0,.,0,
Vaping Flavoring without Nicotine,12 Month,12th Grade,.,.,.,.,.,.,.,.,.,.,.,.,.,.,.,.,.,.,.,.,.,.,.,.,.,.,.,.,.,.,.,.,.,.,.,.,.,.,.,.,.,.,7.5,6,3.1,1.9,1.2,1.1,1.2,1.1,0,.,0,
Vaping Flavoring without Nicotine,30 Day,8th Grade,.,.,.,.,.,.,.,.,.,.,.,.,.,.,.,.,.,.,.,.,.,.,.,.,.,.,.,.,.,.,.,.,.,.,.,.,.,.,.,.,.,.,2.7,3.6,1.9,1.2,0.9,0.9,1,0.8,-0.1,.,-0.1,
Vaping Flavoring without Nicotine,30 Day,10th Grade,.,.,.,.,.,.,.,.,.,.,.,.,.,.,.,.,.,.,.,.,.,.,.,.,.,.,.,.,.,.,.,.,.,.,.,.,.,.,.,.,.,.,3.8,4.1,2,2,0.7,0.8,0.5,0.6,0.1,.,0.1,
Vaping Flavoring without Nicotine,30 Day,12th Grade,.,.,.,.,.,.,.,.,.,.,.,.,.,.,.,.,.,.,.,.,.,.,.,.,.,.,.,.,.,.,.,.,.,.,.,.,.,.,.,.,.,.,4.2,4,2.3,0.8,0.7,1.1,0.9,1,0.1,.,0.1,
Nicotine Pouches,Lifetime,8th Grade,.,.,.,.,.,.,.,.,.,.,.,.,.,.,.,.,.,.,.,.,.,.,.,.,.,.,.,.,.,.,.,.,.,.,.,.,.,.,.,.,.,.,.,.,.,.,.,.,1.2,0.8,-0.4,.,-0.4,
Nicotine Pouches,Lifetime,10th Grade,.,.,.,.,.,.,.,.,.,.,.,.,.,.,.,.,.,.,.,.,.,.,.,.,.,.,.,.,.,.,.,.,.,.,.,.,.,.,.,.,.,.,.,.,.,.,.,.,2.6,4.1,1.5,s,1.5*,*
Nicotine Pouches,Lifetime,12th Grade,.,.,.,.,.,.,.,.,.,.,.,.,.,.,.,.,.,.,.,.,.,.,.,.,.,.,.,.,.,.,.,.,.,.,.,.,.,.,.,.,.,.,.,.,.,.,.,.,3.6,6.8,3.2,ss,3.2**,**
Nicotine Pouches,12 Month,8th Grade,.,.,.,.,.,.,.,.,.,.,.,.,.,.,.,.,.,.,.,.,.,.,.,.,.,.,.,.,.,.,.,.,.,.,.,.,.,.,.,.,.,.,.,.,.,.,.,.,0.6,0.6,-0.1,.,-0.1,
Nicotine Pouches,12 Month,10th Grade,.,.,.,.,.,.,.,.,.,.,.,.,.,.,.,.,.,.,.,.,.,.,.,.,.,.,.,.,.,.,.,.,.,.,.,.,.,.,.,.,.,.,.,.,.,.,.,.,1.9,3.4,1.5,s,1.5*,*
Nicotine Pouches,12 Month,12th Grade,.,.,.,.,.,.,.,.,.,.,.,.,.,.,.,.,.,.,.,.,.,.,.,.,.,.,.,.,.,.,.,.,.,.,.,.,.,.,.,.,.,.,.,.,.,.,.,.,2.9,5.9,3,ss,3**,**
Nicotine Pouches,30 Day,8th Grade,.,.,.,.,.,.,.,.,.,.,.,.,.,.,.,.,.,.,.,.,.,.,.,.,.,.,.,.,.,.,.,.,.,.,.,.,.,.,.,.,.,.,.,.,.,.,.,.,0.4,0.2,-0.2,.,-0.2,
Nicotine Pouches,30 Day,10th Grade,.,.,.,.,.,.,.,.,.,.,.,.,.,.,.,.,.,.,.,.,.,.,.,.,.,.,.,.,.,.,.,.,.,.,.,.,.,.,.,.,.,.,.,.,.,.,.,.,1.1,1.8,0.7,.,0.7,
Nicotine Pouches,30 Day,12th Grade,.,.,.,.,.,.,.,.,.,.,.,.,.,.,.,.,.,.,.,.,.,.,.,.,.,.,.,.,.,.,.,.,.,.,.,.,.,.,.,.,.,.,.,.,.,.,.,.,1.4,3.5,2.1,ss,2.1**,**
Snus,12 Month,8th Grade,.,.,.,.,.,.,.,.,.,.,.,.,.,.,.,.,.,.,.,.,.,.,.,.,.,.,.,.,.,.,.,.,.,.,.,.,.,2.4,2,2.2,1.9,2.2,1.1,1.3,1.5,1.6,1.2,1,0.3,1.2,0.9,ss,0.9**,**
Snus,12 Month,10th Grade,.,.,.,.,.,.,.,.,.,.,.,.,.,.,.,.,.,.,.,.,.,.,.,.,.,.,.,.,.,.,.,.,.,.,.,.,.,6.9,5.2,4.5,4,3,2.6,3.1,2.3,2.2,1,1.5,1.3,2.1,0.8,.,0.8,
Snus,12 Month,12th Grade,.,.,.,.,.,.,.,.,.,.,.,.,.,.,.,.,.,.,.,.,.,.,.,.,.,.,.,.,.,.,.,.,.,.,.,.,7.9,7.9,7.7,5.8,5.8,5.8,4.2,4.7,2.7,&sect;,2.6,2.4,1.8,1.9,0.1,.,0.1,
Any Nicotine Use,30 Day,8th Grade,.,.,.,.,.,.,.,.,.,.,.,.,.,.,.,.,.,.,.,.,.,.,.,.,.,.,.,.,.,.,.,.,.,.,.,.,.,.,.,.,.,.,.,.,12.3,11.2,9.4,8.7,9,5.4,-3.6,ss,-3.6**,**
Any Nicotine Use,30 Day,10th Grade,.,.,.,.,.,.,.,.,.,.,.,.,.,.,.,.,.,.,.,.,.,.,.,.,.,.,.,.,.,.,.,.,.,.,.,.,.,.,.,.,.,.,.,.,24,18.8,15.7,15.1,12.7,11.3,-1.4,.,-1.4,
Any Nicotine Use,30 Day,12th Grade,.,.,.,.,.,.,.,.,.,.,.,.,.,.,.,.,.,.,.,.,.,.,.,.,.,.,.,.,.,.,.,.,.,.,.,.,.,.,.,.,.,.,25.6,32.5,33.6,&sect;,24.6,24.8,19.5,16.3,-3.2,.,-3.2,
Any Nicotine Use other than Vaping,30 Day,8th Grade,.,.,.,.,.,.,.,.,.,.,.,.,.,.,.,.,.,.,.,.,.,.,.,.,.,.,.,.,.,.,.,.,.,.,.,.,.,.,.,.,.,.,.,.,5.9,4.7,3.2,2.7,3.1,1.4,-1.6,s,-1.6*,*
Any Nicotine Use other than Vaping,30 Day,10th Grade,.,.,.,.,.,.,.,.,.,.,.,.,.,.,.,.,.,.,.,.,.,.,.,.,.,.,.,.,.,.,.,.,.,.,.,.,.,.,.,.,.,.,.,.,8.3,6.6,4.2,4.2,3.5,3.3,-0.3,.,-0.3,
Any Nicotine Use other than Vaping,30 Day,12th Grade,.,.,.,.,.,.,.,.,.,.,.,.,.,.,.,.,.,.,.,.,.,.,.,.,.,.,.,.,.,.,.,.,.,.,.,.,.,.,.,.,.,.,20.6,18.5,15.7,&sect;,7.7,8.3,5.9,5.2,-0.7,.,-0.7,
Steroids,Lifetime,8th Grade,.,.,.,.,.,.,.,.,.,.,.,.,.,.,.,.,1.9,1.7,1.6,2,2,1.8,1.8,2.3,2.7,3,2.8,2.5,2.5,1.9,1.7,1.6,1.5,1.4,1.3,1.1,1.2,1.2,1.1,1,1,0.9,1.1,1.1,1.5,2,1.2,1.6,1.2,1.4,0.2,.,0.2,
Steroids,Lifetime,10th Grade,.,.,.,.,.,.,.,.,.,.,.,.,.,.,.,.,1.8,1.7,1.7,1.8,2,1.8,2,2,2.7,3.5,3.5,3.5,3,2.4,2,1.8,1.8,1.4,1.3,1.6,1.4,1.3,1.3,1.4,1.2,1.3,1.1,1.2,1.6,1.7,0.7,0.9,1.2,1.2,0,.,0,
Steroids,Lifetime,12th Grade,.,.,.,.,.,.,.,.,.,.,.,.,.,.,3,2.9,2.1,2.1,2,2.4,2.3,1.9,2.4,2.7,2.9,2.5,3.7,4,3.5,3.4,2.6,2.7,2.2,2.2,2.2,2,1.8,1.8,2.1,1.9,2.3,1.6,1.6,1.6,1.6,2,0.8,1.5,0.9,1.2,0.2,.,0.2,
Steroids,12 Month,8th Grade,.,.,.,.,.,.,.,.,.,.,.,.,.,.,.,.,1,1.1,0.9,1.2,1,0.9,1,1.2,1.7,1.7,1.6,1.5,1.4,1.1,1.1,0.9,0.8,0.9,0.8,0.5,0.7,0.6,0.6,0.6,0.5,0.5,0.6,0.6,0.8,1.1,0.5,0.8,0.6,0.6,-0.1,.,-0.1,
Steroids,12 Month,10th Grade,.,.,.,.,.,.,.,.,.,.,.,.,.,.,.,.,1.1,1.1,1,1.1,1.2,1.2,1.2,1.2,1.7,2.2,2.1,2.2,1.7,1.5,1.3,1.2,1.1,0.9,0.8,1,0.9,0.8,0.8,0.8,0.7,0.7,0.7,0.6,0.8,0.9,0.3,0.5,0.5,0.7,0.2,.,0.2,
Steroids,12 Month,12th Grade,.,.,.,.,.,.,.,.,.,.,.,.,.,.,1.9,1.7,1.4,1.1,1.2,1.3,1.5,1.4,1.4,1.7,1.8,1.7,2.4,2.5,2.1,2.5,1.5,1.8,1.4,1.5,1.5,1.5,1.2,1.3,1.5,1.5,1.7,1,1.1,1.1,1,1.2,0.5,1.3,0.7,1,0.4,.,0.4,
Steroids,30 Day,8th Grade,.,.,.,.,.,.,.,.,.,.,.,.,.,.,.,.,0.4,0.5,0.5,0.5,0.6,0.4,0.5,0.5,0.7,0.8,0.7,0.8,0.7,0.5,0.5,0.5,0.4,0.5,0.4,0.3,0.4,0.3,0.3,0.2,0.3,0.3,0.3,0.3,0.3,0.3,0.2,0.5,0.3,0.4,0.1,.,0.1,
Steroids,30 Day,10th Grade,.,.,.,.,.,.,.,.,.,.,.,.,.,.,.,.,0.6,0.6,0.5,0.6,0.6,0.5,0.7,0.6,0.9,1,0.9,1,0.8,0.8,0.6,0.6,0.5,0.5,0.5,0.5,0.5,0.4,0.4,0.4,0.4,0.3,0.3,0.4,0.4,0.5,0.1,0.3,0.4,0.5,0.1,.,0.1,
Steroids,30 Day,12th Grade,.,.,.,.,.,.,.,.,.,.,.,.,.,.,0.8,1,0.8,0.6,0.7,0.9,0.7,0.7,1,1.1,0.9,0.8,1.3,1.4,1.3,1.6,0.9,1.1,1,1,1,1.1,0.7,0.9,1,0.9,1,0.7,0.8,0.8,0.7,1.2,0.5,1.3,0.5,0.9,0.4,.,0.4,
Androstenedione,12 Month,8th Grade,.,.,.,.,.,.,.,.,.,.,.,.,.,.,.,.,.,.,.,.,.,.,.,.,.,.,1.1,1.2,1,0.9,0.6,1,0.9,0.9,0.8,0.9,0.6,0.6,0.7,0.4,0.4,.,.,.,.,.,.,.,.,.,.,.,0,
Androstenedione,12 Month,10th Grade,.,.,.,.,.,.,.,.,.,.,.,.,.,.,.,.,.,.,.,.,.,.,.,.,.,.,2.2,1.9,1.7,1.1,0.9,0.9,0.6,0.9,1.1,1,0.8,0.9,0.9,0.9,0.7,.,.,.,.,.,.,.,.,.,.,.,0,
Androstenedione,12 Month,12th Grade,.,.,.,.,.,.,.,.,.,.,.,.,.,.,.,.,.,.,.,.,.,.,.,.,.,.,3,2.5,2.5,2.1,1.7,1.1,0.9,1.3,1.1,1.5,0.7,1,0.7,1.1,0.9,0.9,0.6,0.5,0.5,&sect;,0.6,1.9,1.4,0.9,-0.5,.,-0.5,
Creatine,12 Month,8th Grade,.,.,.,.,.,.,.,.,.,.,.,.,.,.,.,.,.,.,.,.,.,.,.,.,.,.,2.7,2.3,2.3,1.9,1.3,2.2,2,2,1.9,1.9,1.9,1.9,2,1.6,1.2,1.8,1.7,1.7,2,2.5,3.2,4.3,4.7,4.6,-0.1,.,-0.1,
Creatine,12 Month,10th Grade,.,.,.,.,.,.,.,.,.,.,.,.,.,.,.,.,.,.,.,.,.,.,.,.,.,.,7.9,7.6,5.8,5.3,5.1,6.5,6.1,5.8,6,6,7.1,6.8,5.7,6,6,7.8,6.8,6.2,5.4,4.5,6,10.7,11,11.7,0.8,.,0.8,
Creatine,12 Month,12th Grade,.,.,.,.,.,.,.,.,.,.,.,.,.,.,.,.,.,.,.,.,.,.,.,.,.,.,11.7,8.5,8.3,8.1,8.1,7.8,8,8.3,9.1,9.2,8.6,9.5,9.3,10,8.8,9,8.1,9.3,7.6,7.2,7.4,11.8,11.9,13,1.1,.,1.1,
Stay Awake Pills,Lifetime,8th Grade,.,.,.,.,.,.,.,.,.,.,.,.,.,.,.,.,.,.,.,.,.,.,.,.,.,.,.,.,.,.,.,.,.,.,.,.,.,.,.,.,.,.,.,.,.,.,.,.,.,.,.,.,.,
Stay Awake Pills,Lifetime,10th Grade,.,.,.,.,.,.,.,.,.,.,.,.,.,.,.,.,.,.,.,.,.,.,.,.,.,.,.,.,.,.,.,.,.,.,.,.,.,.,.,.,.,.,.,.,.,.,.,.,.,.,.,.,.,
Stay Awake Pills,Lifetime,12th Grade,.,.,.,.,.,.,.,19.1,20.4,22.7,26.3,31.5,37.4,37.4,36.3,37,37,35.6,30.5,31.3,31.2,30.5,31,29.6,25.5,23,25.6,22.5,19.8,18.4,15.8,14.8,12.3,9.6,7.6,6.4,6.3,5.9,5.2,4.5,3.8,3.6,3.8,3.6,3.4,&sect;,3.4,2.6,2,2.7,0.7,.,0.7,
Stay Awake Pills,12 Month,8th Grade,.,.,.,.,.,.,.,.,.,.,.,.,.,.,.,.,.,.,.,.,.,.,.,.,.,.,.,.,.,.,.,.,.,.,.,.,.,.,.,.,.,.,.,.,.,.,.,.,.,.,.,.,.,
Stay Awake Pills,12 Month,10th Grade,.,.,.,.,.,.,.,.,.,.,.,.,.,.,.,.,.,.,.,.,.,.,.,.,.,.,.,.,.,.,.,.,.,.,.,.,.,.,.,.,.,.,.,.,.,.,.,.,.,.,.,.,.,
Stay Awake Pills,12 Month,12th Grade,.,.,.,.,.,.,.,11.8,12.3,13.9,18.2,22.2,25.2,26.4,23,23.4,22.2,20.4,19.1,20.7,20.3,19,19.7,19,15.7,15,17.3,14.9,12.5,11.8,10.4,10,7.6,6.3,4.8,3.2,3.9,3.8,3.2,3.5,2.7,2.5,2.5,2.4,1.8,&sect;,1.5,1.6,0.8,1.8,0.9,.,0.9,
Stay Awake Pills,30 Day,8th Grade,.,.,.,.,.,.,.,.,.,.,.,.,.,.,.,.,.,.,.,.,.,.,.,.,.,.,.,.,.,.,.,.,.,.,.,.,.,.,.,.,.,.,.,.,.,.,.,.,.,.,.,.,.,
Stay Awake Pills,30 Day,10th Grade,.,.,.,.,.,.,.,.,.,.,.,.,.,.,.,.,.,.,.,.,.,.,.,.,.,.,.,.,.,.,.,.,.,.,.,.,.,.,.,.,.,.,.,.,.,.,.,.,.,.,.,.,.,
Stay Awake Pills,30 Day,12th Grade,.,.,.,.,.,.,.,5.5,5.3,5.8,7.2,9.6,9.2,9.8,8.5,7.3,6.8,7.2,7,6.3,7.3,7.5,7.8,7.4,6.8,7.3,7.2,5.8,5,4.5,4.2,4.2,3.3,2.6,2.3,1.6,2.2,1.9,1.5,1.7,1.2,1.7,1.6,1.2,1.1,&sect;,0.5,0.8,0.4,1.2,0.7,.,0.7,
ADHD Stimulant,Lifetime,8th Grade,.,.,.,.,.,.,.,.,.,.,.,.,.,.,.,.,.,.,.,.,.,.,.,.,.,.,.,.,.,.,8.3,9.3,8.3,8.1,7.8,8.2,7.6,7.7,7.1,7.2,7.1,7.5,6.6,7.1,6.5,5,9,9.7,7.5,7,-0.5,.,-0.5,
ADHD Stimulant,Lifetime,10th Grade,.,.,.,.,.,.,.,.,.,.,.,.,.,.,.,.,.,.,.,.,.,.,.,.,.,.,.,.,.,.,8.7,8.5,8.4,7.8,8.2,8.6,7.2,8,8.3,6.8,8.8,7.1,6.5,8.2,6.6,6,7,8.5,8.3,7.4,-0.9,.,-0.9,
ADHD Stimulant,Lifetime,12th Grade,.,.,.,.,.,.,.,.,.,.,.,.,.,.,.,.,.,.,.,.,.,.,.,.,.,.,.,.,.,.,8.5,7.8,7.6,8.6,8.2,8.3,8.4,9,9.6,9.1,9.9,8.4,8.6,8.6,7.9,7.5,8,11.2,11,9.6,-1.4,.,-1.4,
ADHD Stimulant,Current,8th Grade,.,.,.,.,.,.,.,.,.,.,.,.,.,.,.,.,.,.,.,.,.,.,.,.,.,.,.,.,.,.,3.9,3.5,3.1,3.5,3.7,3.4,3.3,3.5,3.4,3.2,3.6,3.7,3.4,3.7,2.8,2,4.2,4.2,2.9,3.8,0.9,.,0.9,
ADHD Stimulant,Current,10th Grade,.,.,.,.,.,.,.,.,.,.,.,.,.,.,.,.,.,.,.,.,.,.,.,.,.,.,.,.,.,.,3.4,2.8,2.8,2.9,3.3,3.1,2.8,3.8,3.7,3.4,4.2,3,3,3.9,2.9,2.5,3.6,4.3,3.7,3.1,-0.6,.,-0.6,
ADHD Stimulant,Current,12th Grade,.,.,.,.,.,.,.,.,.,.,.,.,.,.,.,.,.,.,.,.,.,.,.,.,.,.,.,.,.,.,2.9,2.3,2.6,2.9,2.9,3,3.3,3.8,4.4,3.8,4,3.9,3.4,3.5,3.2,3.1,3.4,5.6,4.7,3.8,-0.9,.,-0.9,
ADHD Non-Stimulant,Lifetime,8th Grade,.,.,.,.,.,.,.,.,.,.,.,.,.,.,.,.,.,.,.,.,.,.,.,.,.,.,.,.,.,.,7.3,7.9,6.3,6.3,5.8,5.8,6.1,5.1,5.1,4.8,5.1,5.7,4.9,4.4,4.5,4.2,2.8,3.5,2.8,2,-0.9,.,-0.9,
ADHD Non-Stimulant,Lifetime,10th Grade,.,.,.,.,.,.,.,.,.,.,.,.,.,.,.,.,.,.,.,.,.,.,.,.,.,.,.,.,.,.,8.3,8.3,6.7,6.8,6.8,6.1,6.4,5.2,4.9,5.8,5.8,5.2,4.6,5.1,5.2,5.1,3,3.4,2.8,3.2,0.3,.,0.3,
ADHD Non-Stimulant,Lifetime,12th Grade,.,.,.,.,.,.,.,.,.,.,.,.,.,.,.,.,.,.,.,.,.,.,.,.,.,.,.,.,.,.,6.2,6.1,7,6.4,5.4,6.7,5.8,5.9,5.4,5.6,5.6,5.8,6.4,6.1,5.7,4.8,4.5,5.8,5.4,4.4,-0.9,.,-0.9,
ADHD Non-Stimulant,Current,8th Grade,.,.,.,.,.,.,.,.,.,.,.,.,.,.,.,.,.,.,.,.,.,.,.,.,.,.,.,.,.,.,2.2,1.9,1.4,1.6,1.2,1.4,1.5,1.2,1.4,1.2,1.2,2,1.1,1.2,1.4,1.4,0.9,1.3,0.7,0.6,-0.1,.,-0.1,
ADHD Non-Stimulant,Current,10th Grade,.,.,.,.,.,.,.,.,.,.,.,.,.,.,.,.,.,.,.,.,.,.,.,.,.,.,.,.,.,.,2.3,2.3,1.6,1.7,1.9,1.6,1.3,1.3,1.3,1.4,1.7,1.2,1,1.4,1.8,1.8,1.5,1.3,1.4,1.3,-0.1,.,-0.1,
ADHD Non-Stimulant,Current,12th Grade,.,.,.,.,.,.,.,.,.,.,.,.,.,.,.,.,.,.,.,.,.,.,.,.,.,.,.,.,.,.,1.6,1.6,1.7,1.9,1.5,2.3,1.9,1.8,1.8,2.2,1.5,2.1,2.5,2.6,2.3,1.7,2.3,3.5,2,2.2,0.1,.,0.1,
ADHD Either Type,Lifetime,8th Grade,.,.,.,.,.,.,.,.,.,.,.,.,.,.,.,.,.,.,.,.,.,.,.,.,.,.,.,.,.,.,13.7,15.8,13.4,13.1,12.8,12.8,12.4,11.6,11.5,11.2,11.4,12.1,10.9,11,9.8,7.3,11.5,12,10,8.7,-1.2,.,-1.2,
ADHD Either Type,Lifetime,10th Grade,.,.,.,.,.,.,.,.,.,.,.,.,.,.,.,.,.,.,.,.,.,.,.,.,.,.,.,.,.,.,14.3,14.2,12.9,12.8,13,12.7,12,12,11.7,11.3,13.1,11.5,10.1,12.1,9.8,9.3,9,10.6,10.6,9.6,-1.1,.,-1.1,
ADHD Either Type,Lifetime,12th Grade,.,.,.,.,.,.,.,.,.,.,.,.,.,.,.,.,.,.,.,.,.,.,.,.,.,.,.,.,.,.,12.4,11.7,12.1,13.1,11,12.7,12.2,12.7,13.2,12.6,13.7,12.7,13,12.7,11.1,9.9,10.9,14.6,14.3,12.3,-2,.,-2,
ADHD Either Type,Current,8th Grade,.,.,.,.,.,.,.,.,.,.,.,.,.,.,.,.,.,.,.,.,.,.,.,.,.,.,.,.,.,.,6.1,5.2,4.5,5.1,4.9,4.7,4.9,4.7,5,4.6,4.9,5.6,4.7,5.2,3.8,2.7,5.5,5.4,3.9,4.7,0.8,.,0.8,
ADHD Either Type,Current,10th Grade,.,.,.,.,.,.,.,.,.,.,.,.,.,.,.,.,.,.,.,.,.,.,.,.,.,.,.,.,.,.,5.6,4.8,4.2,4.5,5,4.6,4.2,5.1,5,4.8,5.8,4.3,4,5.1,4.4,4,4.8,5.3,5.1,4.4,-0.8,.,-0.8,
ADHD Either Type,Current,12th Grade,.,.,.,.,.,.,.,.,.,.,.,.,.,.,.,.,.,.,.,.,.,.,.,.,.,.,.,.,.,.,4.5,3.7,4.1,4.4,4.3,5.2,5.1,5.5,6,5.5,5.3,5.6,5.7,5.9,5,4.2,5.2,8.4,6.7,5.8,-0.9,.,-0.9,
Energy Drinks,Daily,8th Grade,.,.,.,.,.,.,.,.,.,.,.,.,.,.,.,.,.,.,.,.,.,.,.,.,.,.,.,.,.,.,.,.,.,.,.,18.6,17.7,16.3,14.2,12.8,12.1,11.3,10.1,10.3,10.5,&sect;,13.8,15,13.1,14.2,1.1,.,1.1,
Energy Drinks,Daily,10th Grade,.,.,.,.,.,.,.,.,.,.,.,.,.,.,.,.,.,.,.,.,.,.,.,.,.,.,.,.,.,.,.,.,.,.,.,13.6,11.4,10.8,10.3,9.6,7.8,9.2,8.8,9.1,10.5,&sect;,12.6,16.2,17.5,15.8,-1.7,.,-1.7,
Energy Drinks,Daily,12th Grade,.,.,.,.,.,.,.,.,.,.,.,.,.,.,.,.,.,.,.,.,.,.,.,.,.,.,.,.,.,.,.,.,.,.,.,12.3,9.5,9.2,8.2,8.3,7.8,9.8,9.4,10.1,11.6,&sect;,13.1,16.5,16.8,17.5,0.8,.,0.8,
Energy Shots,Daily,8th Grade,.,.,.,.,.,.,.,.,.,.,.,.,.,.,.,.,.,.,.,.,.,.,.,.,.,.,.,.,.,.,.,.,.,.,.,6.4,6.8,5.7,5.6,4.2,5.3,4.4,4,3.7,4.6,&sect;,3.7,4.5,4,3.5,-0.5,.,-0.5,
Energy Shots,Daily,10th Grade,.,.,.,.,.,.,.,.,.,.,.,.,.,.,.,.,.,.,.,.,.,.,.,.,.,.,.,.,.,.,.,.,.,.,.,4.3,4.6,4,4,3.4,2.6,3.3,3.3,3.8,4.1,&sect;,2.6,4.7,3.5,4.1,0.6,.,0.6,
Energy Shots,Daily,12th Grade,.,.,.,.,.,.,.,.,.,.,.,.,.,.,.,.,.,.,.,.,.,.,.,.,.,.,.,.,.,.,.,.,.,.,.,4.3,4,2.7,2.5,2.1,3.1,4.1,3.8,4.2,4.1,&sect;,2.9,3.3,3.3,3,-0.3,.,-0.3,
Energy Drinks or Shots,Daily,8th Grade,.,.,.,.,.,.,.,.,.,.,.,.,.,.,.,.,.,.,.,.,.,.,.,.,.,.,.,.,.,.,.,.,.,.,.,19.5,18.9,17.2,15.4,13.5,13,12.3,11.1,11.4,11.7,&sect;,14.5,16.1,14.2,15.3,1.1,.,1.1,
Energy Drinks or Shots,Daily,10th Grade,.,.,.,.,.,.,.,.,.,.,.,.,.,.,.,.,.,.,.,.,.,.,.,.,.,.,.,.,.,.,.,.,.,.,.,14.4,12.4,11.8,11.3,10.1,8.4,10,9.5,9.9,11.6,&sect;,13.2,17.5,18.2,16.8,-1.4,.,-1.4,
Energy Drinks or Shots,Daily,12th Grade,.,.,.,.,.,.,.,.,.,.,.,.,.,.,.,.,.,.,.,.,.,.,.,.,.,.,.,.,.,.,.,.,.,.,.,13.5,11,9.9,9.1,9.3,9,10.9,10.9,11.2,12.8,&sect;,14.3,17.5,17.5,18.2,0.7,.,0.7,
